CHROM	POS	REF	ALT	INFO	ReMM	Prom	nes	pValue	cadd_rawscore	linsight	fathmm_xf	gerp_n	SpliceAI	Pangolin	geneSymbol	tissueSiteDetailId	RemmW	PromW	nesW	SplicW	PangW	Nc_score
chr1	1013541	T	C	5_prime_utr	0.268637	0.0258	-0.251122	1.30692e-06	0.521018	8.24604609157956	0.786796812705121	8.23	0.0	0.0	AGRN	Muscle_Skeletal	0.537274	0.0516	-0.376683	0	0	17.99605190428468
chr1	1013549	GGCCCACAGCCCACA	G	5_prime_utr	0.771407	NA	NA	NA	NA	NA	NA	NA	0.0	-0.01	NA	NA	1.542814	0	0	0	-0.005	1.537814
chr1	1013997	C	A	5_prime_utr	0.507373	NA	NA	NA	0.144122	0.214925532744385	5.6673722730382	12.4	0.01	-0.01	NA	NA	1.014746	0	0	0.005	-0.005	19.441165805782585
chr1	1013997	C	T	5_prime_utr	0.507373	NA	NA	NA	0.660217	0.214925532744385	14.3440587125652	12.4	0.04	0.0	NA	NA	1.014746	0	0	0.02	0	28.653947245309585
chr1	1013998	G	A	5_prime_utr	0.601262	NA	NA	NA	0.494643	0.214925532744385	0.48378007930604	12.6	0.06	-0.01	NA	NA	1.202524	0	0	0.03	-0.005	15.020872612050423
chr1	1014482	C	A	3_prime_utr	0.395266	NA	NA	NA	-0.156354	9.04898565845544	10.3373604191342	11.6	0.0	0.0	NA	NA	0.790532	0	0	0	0	31.62052407758964
chr1	1020177	C	A	5_prime_utr	0.844223	-0.2176	NA	NA	1.18377	0.214925532744385	1.9165308510045	13.2	0.0	0.0	NA	NA	1.688446	-0.4352	0	0	0	17.768472383748882
chr1	1020177	C	A	5_prime_utr	0.844223	-0.2176	NA	NA	1.18377	0.214925532744385	1.9165308510045	13.2	0.0	0.0	NA	NA	1.688446	-0.4352	0	0	0	17.768472383748882
chr1	1020182	C	G	5_prime_utr	0.879912	-0.0508	NA	NA	0.761626	0.214925532744385	1.30682162732505	13.7	0.0	0.0	NA	NA	1.759824	-0.1016	0	0	0	17.641597160069434
chr1	1020182	C	G	5_prime_utr	0.879912	-0.0508	NA	NA	0.761626	0.214925532744385	1.30682162732505	13.7	0.0	0.0	NA	NA	1.759824	-0.1016	0	0	0	17.641597160069434
chr1	1020182	C	T	5_prime_utr	0.879912	-0.022	NA	NA	1.661168	0.214925532744385	2.3218108009778	13.7	0.0	0.0	NA	NA	1.759824	-0.044	0	0	0	19.613728333722186
chr1	1020182	C	T	5_prime_utr	0.879912	-0.022	NA	NA	1.661168	0.214925532744385	2.3218108009778	13.7	0.0	0.0	NA	NA	1.759824	-0.044	0	0	0	19.613728333722186
chr1	1020183	G	C	5_prime_utr	0.583347	0.0041	NA	NA	NA	NA	NA	NA	0.0	0.0	NA	NA	1.166694	0.0082	0	0	0	1.1748939999999999
chr1	1020183	G	C	5_prime_utr	0.583347	0.0041	NA	NA	NA	NA	NA	NA	0.0	0.0	NA	NA	1.166694	0.0082	0	0	0	1.1748939999999999
chr1	1020192	C	G	5_prime_utr	0.893751	-0.0252	NA	NA	0.700964	0.214925532744385	0.414158606925951	9.31	0.0	0.0	NA	NA	1.787502	-0.0504	0	0	0	12.377150139670338
chr1	1020192	C	G	5_prime_utr	0.893751	-0.0252	NA	NA	0.700964	0.214925532744385	0.414158606925951	9.31	0.0	0.0	NA	NA	1.787502	-0.0504	0	0	0	12.377150139670338
chr1	1020192	C	T	5_prime_utr	0.893751	-0.1714	NA	NA	0.811704	0.214925532744385	0.735484498993059	9.31	0.0	0.0	NA	NA	1.787502	-0.3428	0	0	0	12.516816031737445
chr1	1020192	C	T	5_prime_utr	0.893751	-0.1714	NA	NA	0.811704	0.214925532744385	0.735484498993059	9.31	0.0	0.0	NA	NA	1.787502	-0.3428	0	0	0	12.516816031737445
chr1	1020193	G	T	5_prime_utr	0.927915	-0.0017	NA	NA	0.608404	0.214925532744385	0.405993227662276	7.84	0.0	0.0	NA	NA	1.85583	-0.0034	0	0	0	10.92175276040666
chr1	1020193	G	T	5_prime_utr	0.927915	-0.0017	NA	NA	0.608404	0.214925532744385	0.405993227662276	7.84	0.0	0.0	NA	NA	1.85583	-0.0034	0	0	0	10.92175276040666
chr1	1020195	G	C	5_prime_utr	0.65362	-0.0003	NA	NA	0.380941	0.214925532744385	0.412834480183798	8.04	0.0	0.0	NA	NA	1.30724	-0.0006	0	0	0	10.355341012928182
chr1	1020195	G	C	5_prime_utr	0.65362	-0.0003	NA	NA	0.380941	0.214925532744385	0.412834480183798	8.04	0.0	0.0	NA	NA	1.30724	-0.0006	0	0	0	10.355341012928182
chr1	1020196	C	T	5_prime_utr	0.908462	-0.0846	NA	NA	0.825819	0.214925532744385	0.405975954161023	3.46	0.0	0.0	NA	NA	1.816924	-0.1692	0	0	0	6.554444486905408
chr1	1020196	C	T	5_prime_utr	0.908462	-0.0846	NA	NA	0.825819	0.214925532744385	0.405975954161023	3.46	0.0	0.0	NA	NA	1.816924	-0.1692	0	0	0	6.554444486905408
chr1	1020196	CCCGCTGCGG	C	5_prime_utr	0.908462	NA	NA	NA	1.178416	NA	NA	13.4	0.0	0.0	NA	NA	1.816924	0	0	0	0	16.39534
chr1	1020199	G	A	5_prime_utr	0.925644	0.0005	NA	NA	1.104521	0.214925532744385	0.406260390229547	12.8	0.0	0.0	NA	NA	1.851288	0.001	0	0	0	16.377994922973933
chr1	1020199	G	A	5_prime_utr	0.925644	0.0005	NA	NA	1.104521	0.214925532744385	0.406260390229547	12.8	0.0	0.0	NA	NA	1.851288	0.001	0	0	0	16.377994922973933
chr1	1020200	C	A	5_prime_utr	0.91893	0.0004	NA	NA	1.810713	0.214925532744385	2.28351204888727	13.4	0.0	0.0	NA	NA	1.83786	0.0008	0	0	0	19.547810581631655
chr1	1020200	C	A	5_prime_utr	0.91893	0.0004	NA	NA	1.810713	0.214925532744385	2.28351204888727	13.4	0.0	0.0	NA	NA	1.83786	0.0008	0	0	0	19.547810581631655
chr1	1020200	C	T	5_prime_utr	0.91893	0.0002	NA	NA	1.132015	0.214925532744385	0.411828100108546	13.4	0.0	0.0	NA	NA	1.83786	0.0004	0	0	0	16.99702863285293
chr1	1020200	C	T	5_prime_utr	0.91893	0.0002	NA	NA	1.132015	0.214925532744385	0.411828100108546	13.4	0.0	0.0	NA	NA	1.83786	0.0004	0	0	0	16.99702863285293
chr1	1020204	G	A	5_prime_utr	0.63434	-0.0897	NA	NA	0.760519	0.214925532744385	2.52139800176809	9.05	0.0	0.0	NA	NA	1.26868	-0.1794	0	0	0	13.636122534512477
chr1	1020204	G	A	5_prime_utr	0.63434	-0.0897	NA	NA	0.760519	0.214925532744385	2.52139800176809	9.05	0.0	0.0	NA	NA	1.26868	-0.1794	0	0	0	13.636122534512477
chr1	1020204	G	GGCCGCTGCT	5_prime_utr	0.63434	NA	NA	NA	0.926941	NA	NA	9.05	0.0	0.0	NA	NA	1.26868	0	0	0	0	11.245621
chr1	1020204	G	T	5_prime_utr	0.63434	-0.0038	NA	NA	0.778728	0.214925532744385	1.84796871028987	9.05	0.0	0.0	NA	NA	1.26868	-0.0076	0	0	0	13.152702243034256
chr1	1020204	G	T	5_prime_utr	0.63434	-0.0038	NA	NA	0.778728	0.214925532744385	1.84796871028987	9.05	0.0	0.0	NA	NA	1.26868	-0.0076	0	0	0	13.152702243034256
chr1	1020206	C	T	5_prime_utr	0.89679	-0.0191	NA	NA	1.052034	0.214925532744385	2.54079072562677	8.81	0.0	0.0	NA	NA	1.79358	-0.0382	0	0	0	14.373130258371155
chr1	1020206	C	T	5_prime_utr	0.89679	-0.0191	NA	NA	1.052034	0.214925532744385	2.54079072562677	8.81	0.0	0.0	NA	NA	1.79358	-0.0382	0	0	0	14.373130258371155
chr1	1020208	G	A	5_prime_utr	0.90211	-0.0199	NA	NA	0.852331	0.214925532744385	0.40816307820997	12.9	0.0	0.0	NA	NA	1.80422	-0.0398	0	0	0	16.139839610954354
chr1	1020208	G	A	5_prime_utr	0.90211	-0.0199	NA	NA	0.852331	0.214925532744385	0.40816307820997	12.9	0.0	0.0	NA	NA	1.80422	-0.0398	0	0	0	16.139839610954354
chr1	1020208	G	C	5_prime_utr	0.90211	-0.0118	NA	NA	0.827489	0.214925532744385	0.40707540144423	12.9	0.0	0.0	NA	NA	1.80422	-0.0236	0	0	0	16.130109934188617
chr1	1020208	G	C	5_prime_utr	0.90211	-0.0118	NA	NA	0.827489	0.214925532744385	0.40707540144423	12.9	0.0	0.0	NA	NA	1.80422	-0.0236	0	0	0	16.130109934188617
chr1	1020209	C	G	5_prime_utr	0.836754	-0.0946	NA	NA	0.952362	0.214925532744385	3.10540099280517	12.9	0.0	0.0	NA	NA	1.673508	-0.1892	0	0	0	18.656996525549555
chr1	1020209	C	G	5_prime_utr	0.836754	-0.0946	NA	NA	0.952362	0.214925532744385	3.10540099280517	12.9	0.0	0.0	NA	NA	1.673508	-0.1892	0	0	0	18.656996525549555
chr1	1020216	C	G	5_prime_utr	0.750376	0.0166	NA	NA	2.201991	0.214925532744385	6.54512568327908	8.77	0.0	0.0	NA	NA	1.500752	0.0332	0	0	0	19.265994216023465
chr1	1020216	C	G	5_prime_utr	0.750376	0.0166	NA	NA	2.201991	0.214925532744385	6.54512568327908	8.77	0.0	0.0	NA	NA	1.500752	0.0332	0	0	0	19.265994216023465
chr1	1020216	C	T	5_prime_utr	0.750376	0.031	NA	NA	2.271908	0.214925532744385	0.803546507925452	8.77	0.0	0.0	NA	NA	1.500752	0.062	0	0	0	13.623132040669836
chr1	1020216	C	T	5_prime_utr	0.750376	0.031	NA	NA	2.271908	0.214925532744385	0.803546507925452	8.77	0.0	0.0	NA	NA	1.500752	0.062	0	0	0	13.623132040669836
chr1	1020216	CG	GT	5_prime_utr	0.750376	NA	NA	NA	2.32145	NA	NA	14.3	0.0	0.0	NA	NA	1.500752	0	0	0	0	18.122202
chr1	1020217	G	T	5_prime_utr	0.964156	0.0031	-0.205359	8.1131e-14	1.033266	0.214925532744385	0.410276437524798	14.3	0.0	0.0	AGRN	Muscle_Skeletal	1.928312	0.0062	-0.3080385	0	0	17.584941470269182
chr1	1020217	G	T	5_prime_utr	0.964156	0.0031	-0.205359	8.1131e-14	1.033266	0.214925532744385	0.410276437524798	14.3	0.0	0.0	RP11-54O7.17	Nerve_Tibial	1.928312	0.0062	-0.3080385	0	0	17.584941470269182
chr1	1020217	G	T	5_prime_utr	0.964156	0.0031	-0.205359	8.1131e-14	1.033266	0.214925532744385	0.410276437524798	14.3	0.0	0.0	HES4	Nerve_Tibial	1.928312	0.0062	-0.3080385	0	0	17.584941470269182
chr1	1020217	G	T	5_prime_utr	0.964156	0.0031	-0.205359	8.1131e-14	1.033266	0.214925532744385	0.410276437524798	14.3	0.0	0.0	AGRN	Nerve_Tibial	1.928312	0.0062	-0.3080385	0	0	17.584941470269182
chr1	1020217	G	T	5_prime_utr	0.964156	0.0031	-0.618795	6.0477e-31	1.033266	0.214925532744385	0.410276437524798	14.3	0.0	0.0	AGRN	Muscle_Skeletal	1.928312	0.0062	-0.9281925	0	0	16.964787470269183
chr1	1020217	G	T	5_prime_utr	0.964156	0.0031	-0.618795	6.0477e-31	1.033266	0.214925532744385	0.410276437524798	14.3	0.0	0.0	RP11-54O7.17	Nerve_Tibial	1.928312	0.0062	-0.9281925	0	0	16.964787470269183
chr1	1020217	G	T	5_prime_utr	0.964156	0.0031	-0.618795	6.0477e-31	1.033266	0.214925532744385	0.410276437524798	14.3	0.0	0.0	HES4	Nerve_Tibial	1.928312	0.0062	-0.9281925	0	0	16.964787470269183
chr1	1020217	G	T	5_prime_utr	0.964156	0.0031	-0.618795	6.0477e-31	1.033266	0.214925532744385	0.410276437524798	14.3	0.0	0.0	AGRN	Nerve_Tibial	1.928312	0.0062	-0.9281925	0	0	16.964787470269183
chr1	1020217	G	T	5_prime_utr	0.964156	0.0031	0.139669	2.13591e-06	1.033266	0.214925532744385	0.410276437524798	14.3	0.0	0.0	AGRN	Muscle_Skeletal	1.928312	0.0062	0.20950349999999998	0	0	18.10248347026918
chr1	1020217	G	T	5_prime_utr	0.964156	0.0031	0.139669	2.13591e-06	1.033266	0.214925532744385	0.410276437524798	14.3	0.0	0.0	RP11-54O7.17	Nerve_Tibial	1.928312	0.0062	0.20950349999999998	0	0	18.10248347026918
chr1	1020217	G	T	5_prime_utr	0.964156	0.0031	0.139669	2.13591e-06	1.033266	0.214925532744385	0.410276437524798	14.3	0.0	0.0	HES4	Nerve_Tibial	1.928312	0.0062	0.20950349999999998	0	0	18.10248347026918
chr1	1020217	G	T	5_prime_utr	0.964156	0.0031	0.139669	2.13591e-06	1.033266	0.214925532744385	0.410276437524798	14.3	0.0	0.0	AGRN	Nerve_Tibial	1.928312	0.0062	0.20950349999999998	0	0	18.10248347026918
chr1	1020217	G	T	5_prime_utr	0.964156	0.0031	-0.280737	3.40672e-14	1.033266	0.214925532744385	0.410276437524798	14.3	0.0	0.0	AGRN	Muscle_Skeletal	1.928312	0.0062	-0.4211055	0	0	17.47187447026918
chr1	1020217	G	T	5_prime_utr	0.964156	0.0031	-0.280737	3.40672e-14	1.033266	0.214925532744385	0.410276437524798	14.3	0.0	0.0	RP11-54O7.17	Nerve_Tibial	1.928312	0.0062	-0.4211055	0	0	17.47187447026918
chr1	1020217	G	T	5_prime_utr	0.964156	0.0031	-0.280737	3.40672e-14	1.033266	0.214925532744385	0.410276437524798	14.3	0.0	0.0	HES4	Nerve_Tibial	1.928312	0.0062	-0.4211055	0	0	17.47187447026918
chr1	1020217	G	T	5_prime_utr	0.964156	0.0031	-0.280737	3.40672e-14	1.033266	0.214925532744385	0.410276437524798	14.3	0.0	0.0	AGRN	Nerve_Tibial	1.928312	0.0062	-0.4211055	0	0	17.47187447026918
chr1	1020217	G	T	5_prime_utr	0.964156	0.0031	-0.205359	8.1131e-14	1.033266	0.214925532744385	0.410276437524798	14.3	0.0	0.0	AGRN	Muscle_Skeletal	1.928312	0.0062	-0.3080385	0	0	17.584941470269182
chr1	1020217	G	T	5_prime_utr	0.964156	0.0031	-0.205359	8.1131e-14	1.033266	0.214925532744385	0.410276437524798	14.3	0.0	0.0	RP11-54O7.17	Nerve_Tibial	1.928312	0.0062	-0.3080385	0	0	17.584941470269182
chr1	1020217	G	T	5_prime_utr	0.964156	0.0031	-0.205359	8.1131e-14	1.033266	0.214925532744385	0.410276437524798	14.3	0.0	0.0	HES4	Nerve_Tibial	1.928312	0.0062	-0.3080385	0	0	17.584941470269182
chr1	1020217	G	T	5_prime_utr	0.964156	0.0031	-0.205359	8.1131e-14	1.033266	0.214925532744385	0.410276437524798	14.3	0.0	0.0	AGRN	Nerve_Tibial	1.928312	0.0062	-0.3080385	0	0	17.584941470269182
chr1	1020217	G	T	5_prime_utr	0.964156	0.0031	-0.618795	6.0477e-31	1.033266	0.214925532744385	0.410276437524798	14.3	0.0	0.0	AGRN	Muscle_Skeletal	1.928312	0.0062	-0.9281925	0	0	16.964787470269183
chr1	1020217	G	T	5_prime_utr	0.964156	0.0031	-0.618795	6.0477e-31	1.033266	0.214925532744385	0.410276437524798	14.3	0.0	0.0	RP11-54O7.17	Nerve_Tibial	1.928312	0.0062	-0.9281925	0	0	16.964787470269183
chr1	1020217	G	T	5_prime_utr	0.964156	0.0031	-0.618795	6.0477e-31	1.033266	0.214925532744385	0.410276437524798	14.3	0.0	0.0	HES4	Nerve_Tibial	1.928312	0.0062	-0.9281925	0	0	16.964787470269183
chr1	1020217	G	T	5_prime_utr	0.964156	0.0031	-0.618795	6.0477e-31	1.033266	0.214925532744385	0.410276437524798	14.3	0.0	0.0	AGRN	Nerve_Tibial	1.928312	0.0062	-0.9281925	0	0	16.964787470269183
chr1	1020217	G	T	5_prime_utr	0.964156	0.0031	0.139669	2.13591e-06	1.033266	0.214925532744385	0.410276437524798	14.3	0.0	0.0	AGRN	Muscle_Skeletal	1.928312	0.0062	0.20950349999999998	0	0	18.10248347026918
chr1	1020217	G	T	5_prime_utr	0.964156	0.0031	0.139669	2.13591e-06	1.033266	0.214925532744385	0.410276437524798	14.3	0.0	0.0	RP11-54O7.17	Nerve_Tibial	1.928312	0.0062	0.20950349999999998	0	0	18.10248347026918
chr1	1020217	G	T	5_prime_utr	0.964156	0.0031	0.139669	2.13591e-06	1.033266	0.214925532744385	0.410276437524798	14.3	0.0	0.0	HES4	Nerve_Tibial	1.928312	0.0062	0.20950349999999998	0	0	18.10248347026918
chr1	1020217	G	T	5_prime_utr	0.964156	0.0031	0.139669	2.13591e-06	1.033266	0.214925532744385	0.410276437524798	14.3	0.0	0.0	AGRN	Nerve_Tibial	1.928312	0.0062	0.20950349999999998	0	0	18.10248347026918
chr1	1020217	G	T	5_prime_utr	0.964156	0.0031	-0.280737	3.40672e-14	1.033266	0.214925532744385	0.410276437524798	14.3	0.0	0.0	AGRN	Muscle_Skeletal	1.928312	0.0062	-0.4211055	0	0	17.47187447026918
chr1	1020217	G	T	5_prime_utr	0.964156	0.0031	-0.280737	3.40672e-14	1.033266	0.214925532744385	0.410276437524798	14.3	0.0	0.0	RP11-54O7.17	Nerve_Tibial	1.928312	0.0062	-0.4211055	0	0	17.47187447026918
chr1	1020217	G	T	5_prime_utr	0.964156	0.0031	-0.280737	3.40672e-14	1.033266	0.214925532744385	0.410276437524798	14.3	0.0	0.0	HES4	Nerve_Tibial	1.928312	0.0062	-0.4211055	0	0	17.47187447026918
chr1	1020217	G	T	5_prime_utr	0.964156	0.0031	-0.280737	3.40672e-14	1.033266	0.214925532744385	0.410276437524798	14.3	0.0	0.0	AGRN	Nerve_Tibial	1.928312	0.0062	-0.4211055	0	0	17.47187447026918
chr1	1020220	C	T	5_prime_utr	0.56521	-0.0298	NA	NA	0.221473	0.214925532744385	0.409561041022448	14.5	0.0	0.0	NA	NA	1.13042	-0.0596	0	0	0	16.416779573766835
chr1	1020220	C	T	5_prime_utr	0.56521	-0.0298	NA	NA	0.221473	0.214925532744385	0.409561041022448	14.5	0.0	0.0	NA	NA	1.13042	-0.0596	0	0	0	16.416779573766835
chr1	1020221	C	T	5_prime_utr	0.846287	0.0612	NA	NA	0.665917	0.214925532744385	3.23758195427852	9.22	0.0	0.0	NA	NA	1.692574	0.1224	0	0	0	15.153398487022905
chr1	1020221	C	T	5_prime_utr	0.846287	0.0612	NA	NA	0.665917	0.214925532744385	3.23758195427852	9.22	0.0	0.0	NA	NA	1.692574	0.1224	0	0	0	15.153398487022905
chr1	1020223	TGTG	T	5_prime_utr	0.720834	NA	NA	NA	1.743097	NA	NA	11.8	0.0	0.0	NA	NA	1.441668	0	0	0	0	14.984765
chr1	1020226	G	C	5_prime_utr	0.954482	0.0246	NA	NA	1.444964	0.214925532744385	0.406813966969064	11.8	0.0	0.0	NA	NA	1.908964	0.0492	0	0	0	15.82486749971345
chr1	1020226	G	C	5_prime_utr	0.954482	0.0246	NA	NA	1.444964	0.214925532744385	0.406813966969064	11.8	0.0	0.0	NA	NA	1.908964	0.0492	0	0	0	15.82486749971345
chr1	1020233	G	T	5_prime_utr	0.913093	0.066	NA	NA	2.033964	0.214925532744385	2.38955462181884	9.08	0.0	0.0	NA	NA	1.826186	0.132	0	0	0	15.676630154563226
chr1	1020233	G	T	5_prime_utr	0.913093	0.066	NA	NA	2.033964	0.214925532744385	2.38955462181884	9.08	0.0	0.0	NA	NA	1.826186	0.132	0	0	0	15.676630154563226
chr1	1020235	G	C	5_prime_utr	0.91459	0.138	NA	NA	1.138543	0.214925532744385	0.4064295567753	9.17	0.0	0.0	NA	NA	1.82918	0.276	0	0	0	13.035078089519686
chr1	1020235	G	C	5_prime_utr	0.91459	0.138	NA	NA	1.138543	0.214925532744385	0.4064295567753	9.17	0.0	0.0	NA	NA	1.82918	0.276	0	0	0	13.035078089519686
chr1	1020235	G	T	5_prime_utr	0.91459	0.1448	NA	NA	1.124778	0.214925532744385	0.408359254520531	9.17	0.0	0.0	NA	NA	1.82918	0.2896	0	0	0	13.036842787264916
chr1	1020235	G	T	5_prime_utr	0.91459	0.1448	NA	NA	1.124778	0.214925532744385	0.408359254520531	9.17	0.0	0.0	NA	NA	1.82918	0.2896	0	0	0	13.036842787264916
chr1	1020237	G	A	5_prime_utr	0.851301	0.1678	NA	NA	1.366686	0.214925532744385	5.62179133194559	9.17	0.01	0.0	NA	NA	1.702602	0.3356	0	0.005	0	18.416604864689976
chr1	1020237	G	A	5_prime_utr	0.851301	0.1678	NA	NA	1.366686	0.214925532744385	5.62179133194559	9.17	0.01	0.0	NA	NA	1.702602	0.3356	0	0.005	0	18.416604864689976
chr1	1020239	G	C	5_prime_utr	0.927398	-0.0162	NA	NA	1.376887	0.214925532744385	2.33802308635973	5.19	0.0	0.0	NA	NA	1.854796	-0.0324	0	0	0	10.942231619104115
chr1	1020239	G	C	5_prime_utr	0.927398	-0.0162	NA	NA	1.376887	0.214925532744385	2.33802308635973	5.19	0.0	0.0	NA	NA	1.854796	-0.0324	0	0	0	10.942231619104115
chr1	1020240	T	G	5_prime_utr	0.68635	0.3072	NA	NA	1.276526	0.214925532744385	2.39924958626283	5.19	0.0	0.0	NA	NA	1.3727	0.6144	0	0	0	11.067801119007214
chr1	1020240	T	G	5_prime_utr	0.68635	0.3072	NA	NA	1.276526	0.214925532744385	2.39924958626283	5.19	0.0	0.0	NA	NA	1.3727	0.6144	0	0	0	11.067801119007214
chr1	1020247	C	G	5_prime_utr	0.871924	-0.0102	NA	NA	1.405246	0.214925532744385	0.406730955886646	12.4	0.0	0.0	NA	NA	1.743848	-0.0204	0	0	0	16.150350488631034
chr1	1020247	C	G	5_prime_utr	0.871924	-0.0102	NA	NA	1.405246	0.214925532744385	0.406730955886646	12.4	0.0	0.0	NA	NA	1.743848	-0.0204	0	0	0	16.150350488631034
chr1	1020248	G	A	5_prime_utr	0.878891	-0.0048	NA	NA	1.597306	0.214925532744385	2.44944443022667	13.8	0.0	0.0	NA	NA	1.757782	-0.0096	0	0	0	19.809857962971055
chr1	1020248	G	A	5_prime_utr	0.878891	-0.0048	NA	NA	1.597306	0.214925532744385	2.44944443022667	13.8	0.0	0.0	NA	NA	1.757782	-0.0096	0	0	0	19.809857962971055
chr1	1020249	G	A	5_prime_utr	0.953544	-0.0195	NA	NA	2.182837	0.214925532744385	12.4338936335717	13.8	0.0	0.0	NA	NA	1.907088	-0.039	0	0	0	30.499744166316084
chr1	1020249	G	A	5_prime_utr	0.953544	-0.0195	NA	NA	2.182837	0.214925532744385	12.4338936335717	13.8	0.0	0.0	NA	NA	1.907088	-0.039	0	0	0	30.499744166316084
chr1	1020253	C	G	5_prime_utr	0.68516	0.0251	NA	NA	1.081482	0.214925532744385	0.409002421758184	14.1	0.0	0.0	NA	NA	1.37032	0.0502	0	0	0	17.22592995450257
chr1	1020253	C	G	5_prime_utr	0.68516	0.0251	NA	NA	1.081482	0.214925532744385	0.409002421758184	14.1	0.0	0.0	NA	NA	1.37032	0.0502	0	0	0	17.22592995450257
chr1	1020257	G	A	5_prime_utr	0.949533	0.0856	NA	NA	3.326914	0.214925532744385	3.5624252659426	10.1	0.0	0.0	NA	NA	1.899066	0.1712	0	0	0	19.274530798686985
chr1	1020257	G	A	5_prime_utr	0.949533	0.0856	NA	NA	3.326914	0.214925532744385	3.5624252659426	10.1	0.0	0.0	NA	NA	1.899066	0.1712	0	0	0	19.274530798686985
chr1	1020258	G	A	5_prime_utr	0.956217	0.0551	NA	NA	3.655597	0.214925532744385	9.3235163532757	10.1	0.0	0.0	NA	NA	1.912434	0.1102	0	0	0	25.316672886020086
chr1	1020258	G	A	5_prime_utr	0.956217	0.0551	NA	NA	3.655597	0.214925532744385	9.3235163532757	10.1	0.0	0.0	NA	NA	1.912434	0.1102	0	0	0	25.316672886020086
chr1	1020262	A	G	5_prime_utr	0.682979	0.0188	NA	NA	1.488854	0.214925532744385	0.405286831920981	10.1	0.0	0.0	NA	NA	1.365958	0.0376	0	0	0	13.612624364665365
chr1	1020262	A	G	5_prime_utr	0.682979	0.0188	NA	NA	1.488854	0.214925532744385	0.405286831920981	10.1	0.0	0.0	NA	NA	1.365958	0.0376	0	0	0	13.612624364665365
chr1	1020264	G	T	5_prime_utr	0.878379	0.0006	NA	NA	3.653644	0.214925532744385	17.8421366701618	15.5	0.0	0.0	NA	NA	1.756758	0.0012	0	0	0	38.96866420290618
chr1	1020264	G	T	5_prime_utr	0.878379	0.0006	NA	NA	3.653644	0.214925532744385	17.8421366701618	15.5	0.0	0.0	NA	NA	1.756758	0.0012	0	0	0	38.96866420290618
chr1	1020265	C	T	5_prime_utr	0.97778	0.0658	NA	NA	2.327863	0.214925532744385	0.406052617886095	16.0	0.0	0.0	NA	NA	1.95556	0.1316	0	0	0	21.03600115063048
chr1	1020265	C	T	5_prime_utr	0.97778	0.0658	NA	NA	2.327863	0.214925532744385	0.406052617886095	16.0	0.0	0.0	NA	NA	1.95556	0.1316	0	0	0	21.03600115063048
chr1	1020266	C	T	5_prime_utr	0.978256	0.0278	NA	NA	3.1837	0.214925532744385	12.1028342630772	16.0	0.0	0.0	NA	NA	1.956512	0.0556	0	0	0	33.51357179582158
chr1	1020266	C	T	5_prime_utr	0.978256	0.0278	NA	NA	3.1837	0.214925532744385	12.1028342630772	16.0	0.0	0.0	NA	NA	1.956512	0.0556	0	0	0	33.51357179582158
chr1	1020267	C	G	5_prime_utr	0.979256	0.0775	NA	NA	4.323665	0.214925532744385	18.7183532252598	15.9	0.0	0.0	NA	NA	1.958512	0.155	0	0	0	41.27045575800419
chr1	1020267	C	G	5_prime_utr	0.979256	0.0775	NA	NA	4.323665	0.214925532744385	18.7183532252598	15.9	0.0	0.0	NA	NA	1.958512	0.155	0	0	0	41.27045575800419
chr1	1020267	C	T	5_prime_utr	0.979256	0.0178	NA	NA	4.414211	0.214925532744385	17.434711722776	15.9	0.0	0.0	NA	NA	1.958512	0.0356	0	0	0	39.95796025552039
chr1	1020267	C	T	5_prime_utr	0.979256	0.0178	NA	NA	4.414211	0.214925532744385	17.434711722776	15.9	0.0	0.0	NA	NA	1.958512	0.0356	0	0	0	39.95796025552039
chr1	1020269	G	A	5_prime_utr	0.980875	0.0258	NA	NA	4.770019	0.214925532744385	19.6626546385208	15.5	0.0	0.0	NA	NA	1.96175	0.0516	0	0	0	42.16094917126519
chr1	1020269	G	A	5_prime_utr	0.980875	0.0258	NA	NA	4.770019	0.214925532744385	19.6626546385208	15.5	0.0	0.0	NA	NA	1.96175	0.0516	0	0	0	42.16094917126519
chr1	1020274	C	T	5_prime_utr	0.977913	0.0998	NA	NA	1.865021	0.214925532744385	0.414972551852678	15.7	0.0	0.0	NA	NA	1.955826	0.1996	0	0	0	20.350345084597063
chr1	1020274	C	T	5_prime_utr	0.977913	0.0998	NA	NA	1.865021	0.214925532744385	0.414972551852678	15.7	0.0	0.0	NA	NA	1.955826	0.1996	0	0	0	20.350345084597063
chr1	1020280	G	A	5_prime_utr	0.980875	0.0219	NA	NA	2.014197	0.214925532744385	1.79486571772786	16.0	0.0	0.0	NA	NA	1.96175	0.0438	0	0	0	22.029538250472243
chr1	1020280	G	A	5_prime_utr	0.980875	0.0219	NA	NA	2.014197	0.214925532744385	1.79486571772786	16.0	0.0	0.0	NA	NA	1.96175	0.0438	0	0	0	22.029538250472243
chr1	1020286	G	T	5_prime_utr	0.958134	-0.0021	NA	NA	1.52883	0.214925532744385	0.423893625237452	15.9	0.0	0.0	NA	NA	1.916268	-0.0042	0	0	0	19.979717157981835
chr1	1020286	G	T	5_prime_utr	0.958134	-0.0021	NA	NA	1.52883	0.214925532744385	0.423893625237452	15.9	0.0	0.0	NA	NA	1.916268	-0.0042	0	0	0	19.979717157981835
chr1	1020292	G	A	5_prime_utr	0.978709	-0.0044	NA	NA	2.609509	0.214925532744385	0.410214014451862	16.3	0.0	0.0	NA	NA	1.957418	-0.0088	0	0	0	21.483266547196248
chr1	1020292	G	A	5_prime_utr	0.978709	-0.0044	NA	NA	2.609509	0.214925532744385	0.410214014451862	16.3	0.0	0.0	NA	NA	1.957418	-0.0088	0	0	0	21.483266547196248
chr1	1020297	A	C	5_prime_utr	0.978709	-0.072	NA	NA	3.622557	0.214925532744385	16.504257174736	16.3	0.0	0.0	NA	NA	1.957418	-0.144	0	0	0	38.45515770748038
chr1	1020297	A	C	5_prime_utr	0.978709	-0.072	NA	NA	3.622557	0.214925532744385	16.504257174736	16.3	0.0	0.0	NA	NA	1.957418	-0.144	0	0	0	38.45515770748038
chr1	1020316	C	T	5_prime_utr	0.661338	-0.0021	NA	NA	0.80415	0.214925532744385	0.413384359001052	16.4	0.0	0.0	NA	NA	1.322676	-0.0042	0	0	0	19.150935891745437
chr1	1020316	C	T	5_prime_utr	0.661338	-0.0021	NA	NA	0.80415	0.214925532744385	0.413384359001052	16.4	0.0	0.0	NA	NA	1.322676	-0.0042	0	0	0	19.150935891745437
chr1	1020319	G	C	5_prime_utr	0.722146	0.0219	NA	NA	1.063603	0.214925532744385	0.407544713597907	16.6	0.0	0.0	NA	NA	1.444292	0.0438	0	0	0	19.774165246342292
chr1	1020319	G	C	5_prime_utr	0.722146	0.0219	NA	NA	1.063603	0.214925532744385	0.407544713597907	16.6	0.0	0.0	NA	NA	1.444292	0.0438	0	0	0	19.774165246342292
chr1	1020321	C	T	5_prime_utr	0.97559	0.0474	NA	NA	4.249567	0.214925532744385	17.8821941157796	16.6	0.0	0.0	NA	NA	1.95118	0.0948	0	0	0	40.99266664852399
chr1	1020321	C	T	5_prime_utr	0.97559	0.0474	NA	NA	4.249567	0.214925532744385	17.8821941157796	16.6	0.0	0.0	NA	NA	1.95118	0.0948	0	0	0	40.99266664852399
chr1	1020331	G	A	5_prime_utr	0.978209	0.013	NA	NA	2.255698	0.214925532744385	0.422237768492595	16.7	0.0	-0.01	NA	NA	1.956418	0.026	0	0	-0.005	21.570279301236983
chr1	1020331	G	A	5_prime_utr	0.978209	0.013	NA	NA	2.255698	0.214925532744385	0.422237768492595	16.7	0.0	-0.01	NA	NA	1.956418	0.026	0	0	-0.005	21.570279301236983
chr1	1020337	C	T	5_prime_utr	0.773134	-0.0799	NA	NA	1.403904	0.214925532744385	0.419703976144099	16.6	0.01	-0.01	NA	NA	1.546268	-0.1598	0	0.005	-0.005	20.025001508888487
chr1	1020337	C	T	5_prime_utr	0.773134	-0.0799	NA	NA	1.403904	0.214925532744385	0.419703976144099	16.6	0.01	-0.01	NA	NA	1.546268	-0.1598	0	0.005	-0.005	20.025001508888487
chr1	1020339	A	G	5_prime_utr	0.978209	-0.1006	NA	NA	4.18413	0.214925532744385	19.3984281757519	16.6	0.0	-0.01	NA	NA	1.956418	-0.2012	0	0	-0.005	42.14770170849628
chr1	1020339	A	G	5_prime_utr	0.978209	-0.1006	NA	NA	4.18413	0.214925532744385	19.3984281757519	16.6	0.0	-0.01	NA	NA	1.956418	-0.2012	0	0	-0.005	42.14770170849628
chr1	1020344	G	A	5_prime_utr	0.976409	0.0081	NA	NA	4.671605	0.214925532744385	17.007945859297	16.2	0.02	-0.01	NA	NA	1.952818	0.0162	0	0.01	-0.005	40.06849439204137
chr1	1020344	G	A	5_prime_utr	0.976409	0.0081	NA	NA	4.671605	0.214925532744385	17.007945859297	16.2	0.02	-0.01	NA	NA	1.952818	0.0162	0	0.01	-0.005	40.06849439204137
chr1	1020348	C	T	5_prime_utr	0.972623	-0.0011	NA	NA	4.520186	0.214925532744385	17.9338636204034	16.1	0.01	0.0	NA	NA	1.945246	-0.0022	0	0.005	0	40.71702115314779
chr1	1020348	C	T	5_prime_utr	0.972623	-0.0011	NA	NA	4.520186	0.214925532744385	17.9338636204034	16.1	0.01	0.0	NA	NA	1.945246	-0.0022	0	0.005	0	40.71702115314779
chr1	1020355	G	C	5_prime_utr	0.954932	0.0022	NA	NA	1.856016	0.214925532744385	5.3824916344051	15.9	0.01	0.0	NA	NA	1.909864	0.0044	0	0.005	0	25.272697167149484
chr1	1020355	G	C	5_prime_utr	0.954932	0.0022	NA	NA	1.856016	0.214925532744385	5.3824916344051	15.9	0.01	0.0	NA	NA	1.909864	0.0044	0	0.005	0	25.272697167149484
chr1	1020358	C	A	5_prime_utr	0.968923	0.0173	NA	NA	3.043887	0.214925532744385	14.083481385487	16.4	0.0	-0.01	NA	NA	1.937846	0.0346	0	0	-0.005	35.70973991823138
chr1	1020358	C	A	5_prime_utr	0.968923	0.0173	NA	NA	3.043887	0.214925532744385	14.083481385487	16.4	0.0	-0.01	NA	NA	1.937846	0.0346	0	0	-0.005	35.70973991823138
chr1	1020361	G	C	5_prime_utr	0.661665	-0.0082	NA	NA	1.184623	0.214925532744385	0.409888169679869	16.6	0.01	0.0	NA	NA	1.32333	-0.0164	0	0.005	0	19.721366702424255
chr1	1020361	G	C	5_prime_utr	0.661665	-0.0082	NA	NA	1.184623	0.214925532744385	0.409888169679869	16.6	0.01	0.0	NA	NA	1.32333	-0.0164	0	0.005	0	19.721366702424255
chr1	1022224	G	A	5_prime_utr	0.959641	NA	NA	NA	1.10005	0.214925532744385	0.41230728316873	18.3	0.0	0.0	NA	NA	1.919282	0	0	0	0	21.946564815913113
chr1	1022225	G	A	5_prime_utr	0.991717	NA	NA	NA	NA	NA	NA	NA	0.0	0.0	NA	NA	1.983434	0	0	0	0	1.983434
chr1	1022230	A	G	5_prime_utr	0.805337	NA	NA	NA	NA	NA	NA	NA	0.0	0.0	NA	NA	1.610674	0	0	0	0	1.610674
chr1	1022231	G	A	5_prime_utr	0.9923	NA	NA	NA	NA	NA	NA	NA	0.0	0.0	NA	NA	1.9846	0	0	0	0	1.9846
chr1	1022237	G	C	5_prime_utr	0.99305	NA	NA	NA	NA	NA	NA	NA	0.0	0.0	NA	NA	1.9861	0	0	0	0	1.9861
chr1	1022242	C	A	5_prime_utr	0.935154	NA	NA	NA	0.619677	0.214925532744385	0.437230663529396	18.2	0.0	0.0	NA	NA	1.870308	0	0	0	0	21.34214119627378
chr1	1022243	C	T	5_prime_utr	0.967243	NA	NA	NA	3.71016	0.214925532744385	19.8603929122838	18.2	0.0	0.0	NA	NA	1.934486	0	0	0	0	43.919964445028185
chr1	1022244	G	A	5_prime_utr	0.711388	NA	NA	NA	1.084066	0.214925532744385	4.65083134444671	18.2	0.0	0.0	NA	NA	1.422776	0	0	0	0	25.572598877191094
chr1	1022245	G	A	5_prime_utr	0.876873	NA	NA	NA	0.654621	0.214925532744385	0.414905328967779	18.2	0.0	0.0	NA	NA	1.753746	0	0	0	0	21.238197861712166
chr1	1022260	C	T	5_prime_utr	0.412381	NA	NA	NA	0.382283	0.214925532744385	0.410865359162967	18.4	0.0	0.0	NA	NA	0.824762	0	0	0	0	20.23283589190735
chr1	1022263	C	T	5_prime_utr	0.582577	NA	NA	NA	0.29736	0.214925532744385	0.410943296112339	18.4	0.0	0.0	NA	NA	1.165154	0	0	0	0	20.488382828856725
chr1	1022265	G	T	5_prime_utr	0.99205	NA	NA	NA	4.539247	0.214925532744385	26.6134139074471	18.4	0.0	0.0	NA	NA	1.9841	0	0	0	0	51.75168644019148
chr1	1022268	A	G	5_prime_utr	0.99205	NA	NA	NA	3.59193	0.214925532744385	21.4051915488603	18.4	0.0	0.0	NA	NA	1.9841	0	0	0	0	45.596147081604684
chr1	1022284	C	T	5_prime_utr	0.572536	NA	NA	NA	0.346625	0.214925532744385	0.410435030742046	18.2	0.0	0.0	NA	NA	1.145072	0	0	0	0	20.317057563486433
chr1	1022287	C	G	5_prime_utr	0.990133	NA	NA	NA	0.796911	0.214925532744385	0.434164860480851	18.4	0.0	0.0	NA	NA	1.980266	0	0	0	0	21.826267393225237
chr1	1022287	C	T	5_prime_utr	0.990133	NA	NA	NA	0.82927	0.214925532744385	0.415900794583347	18.4	0.0	0.0	NA	NA	1.980266	0	0	0	0	21.840362327327732
chr1	1022296	C	T	5_prime_utr	0.917131	NA	NA	NA	0.924892	0.214925532744385	0.411482215551692	18.2	0.0	0.0	NA	NA	1.834262	0	0	0	0	21.58556174829608
chr1	1022297	C	T	5_prime_utr	0.99405	NA	NA	NA	4.218473	0.214925532744385	24.2893110358532	18.2	0.0	0.0	NA	NA	1.9881	0	0	0	0	48.910809568597585
chr1	1022313	A	T	5_prime_utr	0.995217	NA	NA	NA	4.556415	0.214925532744385	23.0391143992236	18.2	0.03	0.0	NA	NA	1.990434	0	0	0.015	0	48.015888931967986
chr1	1022317	G	A	5_prime_utr	0.995217	NA	NA	NA	1.119443	0.214925532744385	0.419053982331577	18.2	0.02	0.0	NA	NA	1.990434	0	0	0.01	0	21.953856515075962
chr1	1022335	C	T	5_prime_utr	0.52475	NA	NA	NA	0.505685	0.214925532744385	0.412954670804097	18.0	0.01	0.0	NA	NA	1.0495	0	0	0.005	0	20.188065203548483
chr1	1022338	G	A	5_prime_utr	0.944018	NA	NA	NA	0.800213	0.214925532744385	0.424051104969534	18.0	0.0	0.0	NA	NA	1.888036	0	0	0	0	21.32722563771392
chr1	1022349	T	C	5_prime_utr	0.994181	NA	NA	NA	4.23054	0.214925532744385	26.4869872317891	18.0	0.0	0.0	NA	NA	1.988362	0	0	0	0	50.92081476453349
chr1	1022355	C	T	5_prime_utr	0.995831	NA	NA	NA	2.640563	0.214925532744385	17.7023615983149	18.0	0.0	0.0	NA	NA	1.991662	0	0	0	0	40.54951213105929
chr1	1022357	G	C	5_prime_utr	0.993053	NA	NA	NA	3.973498	0.214925532744385	22.5277100419926	18.2	0.0	0.0	NA	NA	1.986106	0	0	0	0	46.90223957473698
chr1	1022358	C	T	5_prime_utr	0.992303	NA	NA	NA	2.973208	0.214925532744385	18.6009267637251	18.2	0.0	0.0	NA	NA	1.984606	0	0	0	0	41.97366629646948
chr1	1022360	C	G	5_prime_utr	0.991303	NA	NA	NA	2.289542	0.214925532744385	18.8179255005654	18.4	0.08	0.0	NA	NA	1.982606	0	0	0.04	0	41.74499903330979
chr1	1022361	C	A	5_prime_utr	0.992081	NA	NA	NA	3.540813	0.214925532744385	19.5482194198339	18.4	0.0	0.0	NA	NA	1.984162	0	0	0	0	43.68811995257828
chr1	1022363	C	G	5_prime_utr	0.975493	NA	NA	NA	NA	NA	NA	NA	0.0	0.0	NA	NA	1.950986	0	0	0	0	1.950986
chr1	1022368	C	A	5_prime_utr	0.942232	NA	NA	NA	NA	NA	NA	NA	0.0	0.0	NA	NA	1.884464	0	0	0	0	1.884464
CHROM	POS	REF	ALT	INFO	cadd_rawscore	linsight	fathmm_xf	gerp_n	SpliceAI	Pangolin	ReMM	Prom	nes	pValue	geneSymbol	tissueSiteDetailId	LinW	caddW	gerpW	fathmW	SplicW	PangW	nesW	Nc_score
chr1	1013466	T	TA	intron	0.35475	NA	NA	6.97	0.0	0.0	0.775763	NA	NA	NA	NA	NA	0	0.7095	13.94	0	0	0	0	14.6495
chr1	1013490	C	G	intron	0.366389	7.58283514507997	0.462012925728988	5.58	0.0	0.0	0.559547	0.4199	-0.251122	1.30692e-06	AGRN	Muscle_Skeletal	15.16567029015994	0.732778	11.16	0.924025851457976	0	0	-0.125561	28.27681314161791
chr1	1013592	C	T	intron	0.359028	10.2860115311106	0.83205122275483	6.23	0.0	0.0	0.842809	0.0654	NA	NA	NA	NA	20.5720230622212	0.718056	12.46	1.66410244550966	0	0	0	35.47958150773086
chr1	1013855	G	A	intron	NA	NA	NA	NA	0.01	0.0	0.439444	0.0451	-0.249369	1.44262e-06	AGRN	Muscle_Skeletal	0	0	0	0	0.015	0	-0.1246845	-0.0645845
chr1	1013973	G	T	intron	NA	NA	NA	NA	0.02	0.0	0.53147	0.0082	NA	NA	NA	NA	0	0	0	0	0.03	0	0	0.0382
chr1	1020383	C	T	intron	0.753396	6.64480288815524	2.16195157837139	3.92	0.0	-0.02	0.827485	-0.0644	NA	NA	NA	NA	13.28960577631048	1.506792	7.84	4.32390315674278	0	-0.03	0	26.86590093305326
chr1	1020383	C	T	intron	0.753396	6.64480288815524	2.16195157837139	3.92	0.0	-0.02	0.827485	-0.0644	NA	NA	NA	NA	13.28960577631048	1.506792	7.84	4.32390315674278	0	-0.03	0	26.86590093305326
chr1	1020390	C	T	intron	0.785782	8.71930328653081	0.9129823371784	7.93	0.0	-0.01	0.899238	-0.0438	NA	NA	NA	NA	17.43860657306162	1.571564	15.86	1.8259646743568	0	-0.015	0	36.63733524741841
chr1	1020390	C	T	intron	0.785782	8.71930328653081	0.9129823371784	7.93	0.0	-0.01	0.899238	-0.0438	NA	NA	NA	NA	17.43860657306162	1.571564	15.86	1.8259646743568	0	-0.015	0	36.63733524741841
chr1	1020391	C	G	intron	NA	NA	NA	NA	0.0	-0.01	0.707123	0.0124	NA	NA	NA	NA	0	0	0	0	0	-0.015	0	-0.0026
chr1	1020391	C	G	intron	NA	NA	NA	NA	0.0	-0.01	0.707123	0.0124	NA	NA	NA	NA	0	0	0	0	0	-0.015	0	-0.0026
chr1	1020392	C	A	intron	NA	NA	NA	NA	0.0	-0.01	0.848339	0.0121	NA	NA	NA	NA	0	0	0	0	0	-0.015	0	-0.0029
chr1	1020392	C	A	intron	NA	NA	NA	NA	0.0	-0.01	0.848339	0.0121	NA	NA	NA	NA	0	0	0	0	0	-0.015	0	-0.0029
chr1	1020392	C	G	intron	NA	NA	NA	NA	0.0	0.0	0.848339	0.0064	NA	NA	NA	NA	0	0	0	0	0	0	0	0.0064
chr1	1020392	C	G	intron	NA	NA	NA	NA	0.0	0.0	0.848339	0.0064	NA	NA	NA	NA	0	0	0	0	0	0	0	0.0064
chr1	1020392	C	T	intron	0.95154	11.134336313906	0.416387103388882	8.71	0.0	0.0	0.848339	-0.0605	NA	NA	NA	NA	22.268672627812	1.90308	17.42	0.832774206777764	0	0	0	42.364026834589765
chr1	1020392	C	T	intron	0.95154	11.134336313906	0.416387103388882	8.71	0.0	0.0	0.848339	-0.0605	NA	NA	NA	NA	22.268672627812	1.90308	17.42	0.832774206777764	0	0	0	42.364026834589765
chr1	1020511	G	T	intron	1.004744	15.8460673731059	0.46775136499134	6.96	0.0	0.0	0.852251	-0.1182	NA	NA	NA	NA	31.6921347462118	2.009488	13.92	0.93550272998268	0	0	0	48.43892547619448
chr1	1020511	G	T	intron	1.004744	15.8460673731059	0.46775136499134	6.96	0.0	0.0	0.852251	-0.1182	NA	NA	NA	NA	31.6921347462118	2.009488	13.92	0.93550272998268	0	0	0	48.43892547619448
chr1	1021875	C	T	intron	-0.146429	7.79454200580014	1.18927979591747	7.99	0.13	0.0	0.731829	NA	NA	NA	NA	NA	15.58908401160028	-0.292858	15.98	2.37855959183494	0.195	0	0	33.84978560343522
chr1	1022184	C	T	intron	0.486965	13.5039409616722	2.65941941249555	6.04	0.0	0.0	0.726494	NA	NA	NA	NA	NA	27.0078819233444	0.97393	12.08	5.3188388249911	0	0	0	45.3806507483355
chr1	1022188	A	G	intron	0.226282	13.5039409616722	3.12573496339722	10.1	0.0	-0.01	0.357296	NA	NA	NA	NA	NA	27.0078819233444	0.452564	20.2	6.25146992679444	0	-0.015	0	53.89691585013884
chr1	1022472	G	T	intron	0.338278	6.05474983907302	1.68765270770294	9.23	0.03	0.0	0.879555	NA	NA	NA	NA	NA	12.10949967814604	0.676556	18.46	3.37530541540588	0.045	0	0	34.66636109355193
chr1	1022477	G	A	intron	0.473094	5.77469715681983	9.28733740527364	5.48	0.04	0.0	0.622277	NA	NA	NA	NA	NA	11.54939431363966	0.946188	10.96	18.57467481054728	0.06	0	0	42.09025712418694
chr1	1022478	C	T	intron	-0.229142	5.77469715681983	2.54615394020146	5.48	0.02	0.0	0.57324	NA	NA	NA	NA	NA	11.54939431363966	-0.458284	10.96	5.09230788040292	0.03	0	0	27.173418194042583
chr1	1022478	CT	C	intron	-0.277233	NA	NA	5.39	0.0	0.0	0.57324	NA	NA	NA	NA	NA	0	-0.554466	10.78	0	0	0	0	10.225534
chr1	1022480	C	T	intron	-0.001815	5.77469715681983	4.40216097160663	5.62	0.01	0.0	0.804145	NA	NA	NA	NA	NA	11.54939431363966	-0.00363	11.24	8.80432194321326	0.015	0	0	31.60508625685292
chr1	1022481	G	A	intron	-0.32163	5.77469715681983	1.98622725066738	5.62	0.01	0.0	0.0121869	NA	NA	NA	NA	NA	11.54939431363966	-0.64326	11.24	3.97245450133476	0.015	0	0	26.13358881497442
chr1	1022481	GTGTGGGGGC	G	intron	NA	NA	NA	NA	0.0	-0.01	0.0121869	NA	NA	NA	NA	NA	0	0	0	0	0	-0.015	0	-0.015
chr1	1022518	G	T	intron	0.055836	7.18644189713755	0.418808482853213	2.98	0.0	0.0	0.0235944	NA	-0.188252	1.19311e-12	AGRN	Muscle_Skeletal	14.3728837942751	0.111672	5.96	0.837616965706426	0	0	-0.094126	21.18804675998153
chr1	1022518	G	T	intron	0.055836	7.18644189713755	0.418808482853213	2.98	0.0	0.0	0.0235944	NA	-0.188252	1.19311e-12	RP11-54O7.17	Nerve_Tibial	14.3728837942751	0.111672	5.96	0.837616965706426	0	0	-0.094126	21.18804675998153
chr1	1022518	G	T	intron	0.055836	7.18644189713755	0.418808482853213	2.98	0.0	0.0	0.0235944	NA	-0.188252	1.19311e-12	HES4	Nerve_Tibial	14.3728837942751	0.111672	5.96	0.837616965706426	0	0	-0.094126	21.18804675998153
chr1	1022518	G	T	intron	0.055836	7.18644189713755	0.418808482853213	2.98	0.0	0.0	0.0235944	NA	-0.188252	1.19311e-12	AGRN	Nerve_Tibial	14.3728837942751	0.111672	5.96	0.837616965706426	0	0	-0.094126	21.18804675998153
chr1	1022518	G	T	intron	0.055836	7.18644189713755	0.418808482853213	2.98	0.0	0.0	0.0235944	NA	-0.188252	1.19311e-12	C1orf159	Nerve_Tibial	14.3728837942751	0.111672	5.96	0.837616965706426	0	0	-0.094126	21.18804675998153
chr1	1022518	G	T	intron	0.055836	7.18644189713755	0.418808482853213	2.98	0.0	0.0	0.0235944	NA	-0.592669	3.04479e-31	AGRN	Muscle_Skeletal	14.3728837942751	0.111672	5.96	0.837616965706426	0	0	-0.2963345	20.985838259981527
chr1	1022518	G	T	intron	0.055836	7.18644189713755	0.418808482853213	2.98	0.0	0.0	0.0235944	NA	-0.592669	3.04479e-31	RP11-54O7.17	Nerve_Tibial	14.3728837942751	0.111672	5.96	0.837616965706426	0	0	-0.2963345	20.985838259981527
chr1	1022518	G	T	intron	0.055836	7.18644189713755	0.418808482853213	2.98	0.0	0.0	0.0235944	NA	-0.592669	3.04479e-31	HES4	Nerve_Tibial	14.3728837942751	0.111672	5.96	0.837616965706426	0	0	-0.2963345	20.985838259981527
chr1	1022518	G	T	intron	0.055836	7.18644189713755	0.418808482853213	2.98	0.0	0.0	0.0235944	NA	-0.592669	3.04479e-31	AGRN	Nerve_Tibial	14.3728837942751	0.111672	5.96	0.837616965706426	0	0	-0.2963345	20.985838259981527
chr1	1022518	G	T	intron	0.055836	7.18644189713755	0.418808482853213	2.98	0.0	0.0	0.0235944	NA	-0.592669	3.04479e-31	C1orf159	Nerve_Tibial	14.3728837942751	0.111672	5.96	0.837616965706426	0	0	-0.2963345	20.985838259981527
chr1	1022518	G	T	intron	0.055836	7.18644189713755	0.418808482853213	2.98	0.0	0.0	0.0235944	NA	0.138649	7.83046e-07	AGRN	Muscle_Skeletal	14.3728837942751	0.111672	5.96	0.837616965706426	0	0	0.0693245	21.351497259981528
chr1	1022518	G	T	intron	0.055836	7.18644189713755	0.418808482853213	2.98	0.0	0.0	0.0235944	NA	0.138649	7.83046e-07	RP11-54O7.17	Nerve_Tibial	14.3728837942751	0.111672	5.96	0.837616965706426	0	0	0.0693245	21.351497259981528
chr1	1022518	G	T	intron	0.055836	7.18644189713755	0.418808482853213	2.98	0.0	0.0	0.0235944	NA	0.138649	7.83046e-07	HES4	Nerve_Tibial	14.3728837942751	0.111672	5.96	0.837616965706426	0	0	0.0693245	21.351497259981528
chr1	1022518	G	T	intron	0.055836	7.18644189713755	0.418808482853213	2.98	0.0	0.0	0.0235944	NA	0.138649	7.83046e-07	AGRN	Nerve_Tibial	14.3728837942751	0.111672	5.96	0.837616965706426	0	0	0.0693245	21.351497259981528
chr1	1022518	G	T	intron	0.055836	7.18644189713755	0.418808482853213	2.98	0.0	0.0	0.0235944	NA	0.138649	7.83046e-07	C1orf159	Nerve_Tibial	14.3728837942751	0.111672	5.96	0.837616965706426	0	0	0.0693245	21.351497259981528
chr1	1022518	G	T	intron	0.055836	7.18644189713755	0.418808482853213	2.98	0.0	0.0	0.0235944	NA	-0.26593	5.14835e-14	AGRN	Muscle_Skeletal	14.3728837942751	0.111672	5.96	0.837616965706426	0	0	-0.132965	21.14920775998153
chr1	1022518	G	T	intron	0.055836	7.18644189713755	0.418808482853213	2.98	0.0	0.0	0.0235944	NA	-0.26593	5.14835e-14	RP11-54O7.17	Nerve_Tibial	14.3728837942751	0.111672	5.96	0.837616965706426	0	0	-0.132965	21.14920775998153
chr1	1022518	G	T	intron	0.055836	7.18644189713755	0.418808482853213	2.98	0.0	0.0	0.0235944	NA	-0.26593	5.14835e-14	HES4	Nerve_Tibial	14.3728837942751	0.111672	5.96	0.837616965706426	0	0	-0.132965	21.14920775998153
chr1	1022518	G	T	intron	0.055836	7.18644189713755	0.418808482853213	2.98	0.0	0.0	0.0235944	NA	-0.26593	5.14835e-14	AGRN	Nerve_Tibial	14.3728837942751	0.111672	5.96	0.837616965706426	0	0	-0.132965	21.14920775998153
chr1	1022518	G	T	intron	0.055836	7.18644189713755	0.418808482853213	2.98	0.0	0.0	0.0235944	NA	-0.26593	5.14835e-14	C1orf159	Nerve_Tibial	14.3728837942751	0.111672	5.96	0.837616965706426	0	0	-0.132965	21.14920775998153
chr1	1022518	G	T	intron	0.055836	7.18644189713755	0.418808482853213	2.98	0.0	0.0	0.0235944	NA	-0.0958971	7.20711e-05	AGRN	Muscle_Skeletal	14.3728837942751	0.111672	5.96	0.837616965706426	0	0	-0.04794855	21.234224209981527
chr1	1022518	G	T	intron	0.055836	7.18644189713755	0.418808482853213	2.98	0.0	0.0	0.0235944	NA	-0.0958971	7.20711e-05	RP11-54O7.17	Nerve_Tibial	14.3728837942751	0.111672	5.96	0.837616965706426	0	0	-0.04794855	21.234224209981527
chr1	1022518	G	T	intron	0.055836	7.18644189713755	0.418808482853213	2.98	0.0	0.0	0.0235944	NA	-0.0958971	7.20711e-05	HES4	Nerve_Tibial	14.3728837942751	0.111672	5.96	0.837616965706426	0	0	-0.04794855	21.234224209981527
chr1	1022518	G	T	intron	0.055836	7.18644189713755	0.418808482853213	2.98	0.0	0.0	0.0235944	NA	-0.0958971	7.20711e-05	AGRN	Nerve_Tibial	14.3728837942751	0.111672	5.96	0.837616965706426	0	0	-0.04794855	21.234224209981527
chr1	1022518	G	T	intron	0.055836	7.18644189713755	0.418808482853213	2.98	0.0	0.0	0.0235944	NA	-0.0958971	7.20711e-05	C1orf159	Nerve_Tibial	14.3728837942751	0.111672	5.96	0.837616965706426	0	0	-0.04794855	21.234224209981527
chr1	1035037	A	C	intron	-0.048939	2.47634377663935	5.90457067411112	2.96	0.02	0.0	0.148377	NA	0.363935	9.14583e-05	C1orf159	Nerve_Tibial	4.9526875532787	-0.097878	5.92	11.80914134822224	0.03	0	0.1819675	22.79591840150094
chr1	1035075	G	A	intron	-0.203331	1.95335710745497	2.90857269028043	8.99	0.1	0.0	0.0887603	NA	NA	NA	NA	NA	3.90671421490994	-0.406662	17.98	5.81714538056086	0.15000000000000002	0	0	27.447197595470797
chr1	1035260	G	A	intron	-0.146338	12.9109638766943	4.71421406872106	9.02	0.0	0.0	0.00766508	NA	NA	NA	NA	NA	25.8219277533886	-0.292676	18.04	9.42842813744212	0	0	0	52.99767989083072
chr1	1035261	A	T	intron	-0.083925	12.9109638766943	1.88809290569313	8.82	0.0	0.0	0.0300444	NA	NA	NA	NA	NA	25.8219277533886	-0.16785	17.64	3.77618581138626	0	0	0	47.07026356477486
chr1	1035263	T	G	intron	0.304637	12.9109638766943	8.11746031783385	7.3	0.0	0.0	0.0980329	NA	NA	NA	NA	NA	25.8219277533886	0.609274	14.6	16.2349206356677	0	0	0	57.2661223890563
chr1	1035339	G	C	intron	0.009019	8.3134509959328	3.05274016386461	5.14	0.0	0.0	0.756324	NA	NA	NA	NA	NA	16.6269019918656	0.018038	10.28	6.10548032772922	0	0	0	33.03042031959482
chr1	1035342	C	T	intron	-0.08798	8.3134509959328	0.945012719075062	6.04	0.0	0.0	0.0056123	NA	NA	NA	NA	NA	16.6269019918656	-0.17596	12.08	1.890025438150124	0	0	0	30.42096743001573
chr1	1035343	G	A	intron	-0.012759	8.3134509959328	1.63745523856758	6.8	0.0	0.0	0.765725	NA	NA	NA	NA	NA	16.6269019918656	-0.025518	13.6	3.27491047713516	0	0	0	33.476294469000756
chr1	1035408	G	A	intron	-0.222949	11.0725445935552	1.94915163958878	6.82	0.0	0.0	0.0528115	NA	NA	NA	NA	NA	22.1450891871104	-0.445898	13.64	3.89830327917756	0	0	0	39.23749446628796
chr1	1035456	G	A	intron	0.023699	11.0752832889384	3.30220212551726	4.91	0.0	0.0	0.720423	NA	0.366362	6.7646e-05	C1orf159	Nerve_Tibial	22.1505665778768	0.047398	9.82	6.60440425103452	0	0	0.183181	38.80554982891132
chr1	1035535	C	T	intron	-0.192501	6.97032467785643	2.38635851946961	5.71	0.0	0.0	0.0255643	NA	NA	NA	NA	NA	13.94064935571286	-0.385002	11.42	4.77271703893922	0	0	0	29.74836439465208
chr1	1040401	C	T	intron	0.335149	8.97319802397394	0.55608889565594	4.88	0.03	0.0	0.89364	NA	NA	NA	NA	NA	17.94639604794788	0.670298	9.76	1.11217779131188	0.045	0	0	29.53387183925976
chr1	1040446	A	G	intron	0.290121	8.9081615123812	0.615663476294801	10.7	0.05	0.0	0.596588	NA	NA	NA	NA	NA	17.8163230247624	0.580242	21.4	1.231326952589602	0.07500000000000001	0	0	41.10289197735201
chr1	1040517	C	A	intron	-0.075733	9.09845599130779	1.95014007525415	5.92	0.0	0.0	0.388	NA	NA	NA	NA	NA	18.19691198261558	-0.151466	11.84	3.9002801505083	0	0	0	33.78572613312388
chr1	1040649	C	G	intron	0.173154	9.0112078261518	0.654590950674656	10.1	0.07	-0.11	0.811471	NA	NA	NA	NA	NA	18.0224156523036	0.346308	20.2	1.309181901349312	0.10500000000000001	-0.165	0	39.81790555365291
chr1	1040651	C	G	intron	0.502528	9.0112078261518	7.42827721865695	0.668	0.1	-0.2	0.79372	NA	NA	NA	NA	NA	18.0224156523036	1.005056	1.336	14.8565544373139	0.15000000000000002	-0.30000000000000004	0	35.0700260896175
chr1	1040654	A	C	intron	0.425054	11.550243988755	1.50452917914216	1.54	0.04	0.0	0.464815	NA	NA	NA	NA	NA	23.10048797751	0.850108	3.08	3.00905835828432	0.06	0	0	30.099654335794316
chr1	1040891	C	T	intron	0.115517	6.36156467713976	0.775611600460602	4.13	0.01	0.0	0.605848	NA	NA	NA	NA	NA	12.72312935427952	0.231034	8.26	1.551223200921204	0.015	0	0	22.780386555200725
chr1	1040899	G	C	intron	0.311551	6.11568092829595	0.633131789760721	0.193	0.0	0.0	0.818668	NA	NA	NA	NA	NA	12.2313618565919	0.623102	0.386	1.266263579521442	0	0	0	14.50672743611334
chr1	1040900	T	A	intron	0.206618	6.11568092829595	0.712070920619464	2.24	0.0	0.0	0.44513	NA	NA	NA	NA	NA	12.2313618565919	0.413236	4.48	1.424141841238928	0	0	0	18.548739697830825
chr1	1040942	G	A	intron	0.425078	5.32658673659932	1.47129261828383	0.695	0.0	0.0	0.826726	NA	NA	NA	NA	NA	10.65317347319864	0.850156	1.39	2.94258523656766	0	0	0	15.8359147097663
chr1	1041048	C	A	intron	-0.001459	6.56915603436895	0.560471027713396	6.14	0.0	0.0	0.716493	NA	NA	NA	NA	NA	13.1383120687379	-0.002918	12.28	1.120942055426792	0	0	0	26.53633612416469
chr1	1041119	GGGC	G	intron	0.303934	NA	NA	5.58	0.01	0.0	0.692492	NA	NA	NA	NA	NA	0	0.607868	11.16	0	0.015	0	0	11.782868
chr1	1041134	C	A	intron	-0.13842	3.62851987098464	0.44588516417338	0.87	0.0	0.0	0.309181	NA	NA	NA	NA	NA	7.25703974196928	-0.27684	1.74	0.89177032834676	0	0	0	9.61197007031604
chr1	1041153	C	T	intron	-0.106366	6.56938820203289	0.966922659301983	8.31	0.01	0.0	0.404011	NA	NA	NA	NA	NA	13.13877640406578	-0.212732	16.62	1.933845318603966	0.015	0	0	31.494889722669747
chr1	1041154	G	A	intron	-0.362582	6.56938820203289	1.44210282796192	8.1	0.04	0.0	0.427121	NA	NA	NA	NA	NA	13.13877640406578	-0.725164	16.2	2.88420565592384	0.06	0	0	31.557818059989618
chr1	1041156	C	T	intron	-0.057193	6.56938820203289	1.564480745968	6.06	0.06	-0.05	0.581831	NA	NA	NA	NA	NA	13.13877640406578	-0.114386	12.12	3.128961491936	0.09	-0.07500000000000001	0	28.28835189600178
chr1	1041158	A	C	intron	0.215572	6.56938820203289	1.78650667427752	5.7	0.17	-0.04	0.449113	NA	NA	NA	NA	NA	13.13877640406578	0.431144	11.4	3.57301334855504	0.255	-0.06	0	28.737933752620823
chr1	1041164	C	G	intron	0.025768	8.79368779357514	14.1467538666844	13.6	0.11	-0.09	0.480913	NA	NA	NA	NA	NA	17.58737558715028	0.051536	27.2	28.2935077333688	0.165	-0.135	0	73.16241932051908
chr1	1041413	G	A	intron	-0.122715	11.4815327134546	3.90593784837388	12.5	0.12	-0.14	0.405903	NA	NA	NA	NA	NA	22.9630654269092	-0.24543	25	7.81187569674776	0.18	-0.21000000000000002	0	55.49951112365696
chr1	1041417	C	T	intron	-0.184538	10.3407169161906	1.65419630421499	10.2	0.01	-0.01	0.814557	NA	NA	NA	NA	NA	20.6814338323812	-0.369076	20.4	3.30839260842998	0.015	-0.015	0	44.020750440811184
chr1	1041458	C	T	intron	0.672431	8.88186246503204	7.28308764231027	8.37	0.04	-0.06	0.85381	NA	NA	NA	NA	NA	17.76372493006408	1.344862	16.74	14.56617528462054	0.06	-0.09	0	50.38476221468461
chr1	1041464	C	T	intron	0.362134	8.94225304883919	3.99827955286865	15.1	0.08	0.0	0.876172	NA	NA	NA	NA	NA	17.88450609767838	0.724268	30.2	7.9965591057373	0.12	0	0	56.925333203415676
chr1	1041466	C	T	intron	-0.123336	8.93472194739054	5.74652493944514	15.2	0.05	0.0	0.63288	NA	NA	NA	NA	NA	17.86944389478108	-0.246672	30.4	11.49304987889028	0.07500000000000001	0	0	59.590821773671365
chr1	1041713	C	A	intron	-0.020878	9.10567110702726	4.92822479633473	5.63	0.0	0.0	0.506481	NA	NA	NA	NA	NA	18.21134221405452	-0.041756	11.26	9.85644959266946	0	0	0	39.28603580672397
chr1	1041714	C	T	intron	-0.076026	9.95457144073173	5.38020143296468	9.74	0.0	0.0	0.674375	NA	NA	NA	NA	NA	19.90914288146346	-0.152052	19.48	10.76040286592936	0	0	0	49.99749374739282
chr1	1041715	C	T	intron	-0.037673	9.95457144073173	2.11259970772624	10.9	0.02	0.0	0.626944	NA	NA	NA	NA	NA	19.90914288146346	-0.075346	21.8	4.22519941545248	0.03	0	0	45.88899629691594
chr1	1041717	C	CG	intron	NA	NA	NA	NA	0.01	0.0	0.299941	NA	NA	NA	NA	NA	0	0	0	0	0.015	0	0	0.015
chr1	1041717	C	G	intron	-0.715005	9.95457144073173	2.81857506875748	6.73	0.02	0.0	0.299941	NA	NA	NA	NA	NA	19.90914288146346	-1.43001	13.46	5.63715013751496	0.03	0	0	37.606283018978424
chr1	1041717	C	T	intron	-0.682646	9.95457144073173	2.81857506875748	6.73	0.02	0.0	0.299941	NA	NA	NA	NA	NA	19.90914288146346	-1.365292	13.46	5.63715013751496	0.03	0	0	37.67100101897842
chr1	1041718	G	A	intron	-0.17374	9.95457144073173	2.12210074904576	9.68	0.0	0.0	0.620368	NA	NA	NA	NA	NA	19.90914288146346	-0.34748	19.36	4.24420149809152	0	0	0	43.16586437955498
chr1	1041773	G	T	intron	-0.086487	3.56078306528644	2.43012537647894	5.31	0.02	0.0	0.667105	NA	NA	NA	NA	NA	7.12156613057288	-0.172974	10.62	4.86025075295788	0.03	0	0	22.458842883530764
chr1	1041776	CCGGCCAGTGCCAGGGTCGAGGTGGGCGGCTCCCCCGGGGGAGGGCTG	C	intron	0.345574	NA	NA	7.12	0.02	0.0	0.630615	NA	NA	NA	NA	NA	0	0.691148	14.24	0	0.03	0	0	14.961148
chr1	1041792	TCGAGG	T	intron	0.016355	NA	NA	2.67	0.05	0.0	0.419983	NA	NA	NA	NA	NA	0	0.03271	5.34	0	0.07500000000000001	0	0	5.44771
chr1	1041798	TGGGCGGCTCCCCCGGGGGAGGGCTGCGGCCAGTGCCAGGGTC	T	intron	0.386022	NA	NA	8.63	0.06	0.0	0.630013	NA	NA	NA	NA	NA	0	0.772044	17.26	0	0.09	0	0	18.122044000000002
chr1	1041823	G	C	intron	-0.251963	9.43882044532879	0.803646656238221	7.12	0.0	0.0	0.302444	NA	NA	NA	NA	NA	18.87764089065758	-0.503926	14.24	1.607293312476442	0	0	0	34.221008203134026
chr1	1041914	G	A	intron	-0.07427	4.43650957610386	3.44632457509105	5.78	0.04	-0.01	0.603865	NA	NA	NA	NA	NA	8.87301915220772	-0.14854	11.56	6.8926491501821	0.06	-0.015	0	27.222128302389816
chr1	1041945	C	T	intron	-0.31809	10.9233574904299	5.38053721162742	11.0	0.01	0.0	0.659621	NA	NA	NA	NA	NA	21.8467149808598	-0.63618	22	10.76107442325484	0.015	0	0	53.986609404114645
chr1	1042173	C	T	intron	-0.161179	10.3055785042524	5.87950256570917	5.55	0.0	0.0	0.418875	NA	NA	NA	NA	NA	20.6111570085048	-0.322358	11.1	11.75900513141834	0	0	0	43.14780413992314
chr1	1042174	G	A	intron	-0.431173	10.3055785042524	12.2130603694216	7.48	0.0	-0.01	0.350274	NA	NA	NA	NA	NA	20.6111570085048	-0.862346	14.96	24.4261207388432	0	-0.015	0	59.119931747348005
chr1	1042190	G	A	intron	-0.401276	5.59173582173147	4.04999967336112	10.3	0.02	-0.02	0.529961	NA	-0.187624	2.02135e-06	AGRN	Muscle_Skeletal	11.18347164346294	-0.802552	20.6	8.09999934672224	0.03	-0.03	-0.093812	38.98710699018518
chr1	1042400	C	T	intron	-0.528648	4.56074607758854	0.446801747426384	7.5	0.03	0.0	0.2771	NA	-0.17864	3.9753e-06	AGRN	Muscle_Skeletal	9.12149215517708	-1.057296	15	0.893603494852768	0.045	0	-0.08932	23.91347965002985
chr1	1043070	G	A	intron	0.595803	15.0180462364588	10.2652307254726	14.0	0.03	0.0	0.657854	NA	NA	NA	NA	NA	30.0360924729176	1.191606	28	20.5304614509452	0.045	0	0	79.8031599238628
chr1	1043197	G	C	intron	-0.337912	10.1491432271252	10.8167219114315	14.4	0.03	-0.02	0.441175	NA	NA	NA	NA	NA	20.2982864542504	-0.675824	28.8	21.633443822863	0.045	-0.03	0	70.0709062771134
chr1	1043220	G	A	intron	0.093448	10.1516267793976	7.53464501456609	9.21	0.03	0.0	0.545769	NA	NA	NA	NA	NA	20.3032535587952	0.186896	18.42	15.06929002913218	0.045	0	0	54.024439587927375
chr1	1043220	GCC	G	intron	-0.198256	NA	NA	12.2	0.09	-0.06	0.545769	NA	NA	NA	NA	NA	0	-0.396512	24.4	0	0.135	-0.09	0	24.048488
chr1	1043221	C	G	intron	-0.148159	10.1516267793976	15.0800381478084	12.2	0.08	-0.03	0.332785	NA	NA	NA	NA	NA	20.3032535587952	-0.296318	24.4	30.1600762956168	0.12	-0.045	0	74.642011854412
chr1	1043223	CCT	C	intron	-0.012669	NA	NA	10.3	0.11	-0.12	0.455174	NA	0.559889	3.05326e-27	RP11-54O7.17	Nerve_Tibial	0	-0.025338	20.6	0	0.165	-0.18	0.2799445	20.8396065
chr1	1043223	CCT	C	intron	-0.012669	NA	NA	10.3	0.11	-0.12	0.455174	NA	0.559889	3.05326e-27	HES4	Nerve_Tibial	0	-0.025338	20.6	0	0.165	-0.18	0.2799445	20.8396065
chr1	1043223	CCT	C	intron	-0.012669	NA	NA	10.3	0.11	-0.12	0.455174	NA	0.559889	3.05326e-27	AGRN	Nerve_Tibial	0	-0.025338	20.6	0	0.165	-0.18	0.2799445	20.8396065
chr1	1043223	CCT	C	intron	-0.012669	NA	NA	10.3	0.11	-0.12	0.455174	NA	0.559889	3.05326e-27	C1orf159	Nerve_Tibial	0	-0.025338	20.6	0	0.165	-0.18	0.2799445	20.8396065
chr1	1043223	CCT	C	intron	-0.012669	NA	NA	10.3	0.11	-0.12	0.455174	NA	-0.160763	1.08628e-08	RP11-54O7.17	Nerve_Tibial	0	-0.025338	20.6	0	0.165	-0.18	-0.0803815	20.479280499999998
chr1	1043223	CCT	C	intron	-0.012669	NA	NA	10.3	0.11	-0.12	0.455174	NA	-0.160763	1.08628e-08	HES4	Nerve_Tibial	0	-0.025338	20.6	0	0.165	-0.18	-0.0803815	20.479280499999998
chr1	1043223	CCT	C	intron	-0.012669	NA	NA	10.3	0.11	-0.12	0.455174	NA	-0.160763	1.08628e-08	AGRN	Nerve_Tibial	0	-0.025338	20.6	0	0.165	-0.18	-0.0803815	20.479280499999998
chr1	1043223	CCT	C	intron	-0.012669	NA	NA	10.3	0.11	-0.12	0.455174	NA	-0.160763	1.08628e-08	C1orf159	Nerve_Tibial	0	-0.025338	20.6	0	0.165	-0.18	-0.0803815	20.479280499999998
chr1	1043223	CCT	C	intron	-0.012669	NA	NA	10.3	0.11	-0.12	0.455174	NA	0.21318	3.05825e-09	RP11-54O7.17	Nerve_Tibial	0	-0.025338	20.6	0	0.165	-0.18	0.10659	20.666252
chr1	1043223	CCT	C	intron	-0.012669	NA	NA	10.3	0.11	-0.12	0.455174	NA	0.21318	3.05825e-09	HES4	Nerve_Tibial	0	-0.025338	20.6	0	0.165	-0.18	0.10659	20.666252
chr1	1043223	CCT	C	intron	-0.012669	NA	NA	10.3	0.11	-0.12	0.455174	NA	0.21318	3.05825e-09	AGRN	Nerve_Tibial	0	-0.025338	20.6	0	0.165	-0.18	0.10659	20.666252
chr1	1043223	CCT	C	intron	-0.012669	NA	NA	10.3	0.11	-0.12	0.455174	NA	0.21318	3.05825e-09	C1orf159	Nerve_Tibial	0	-0.025338	20.6	0	0.165	-0.18	0.10659	20.666252
chr1	1043223	CCT	C	intron	-0.012669	NA	NA	10.3	0.11	-0.12	0.455174	NA	0.143283	2.583e-09	RP11-54O7.17	Nerve_Tibial	0	-0.025338	20.6	0	0.165	-0.18	0.0716415	20.631303499999998
chr1	1043223	CCT	C	intron	-0.012669	NA	NA	10.3	0.11	-0.12	0.455174	NA	0.143283	2.583e-09	HES4	Nerve_Tibial	0	-0.025338	20.6	0	0.165	-0.18	0.0716415	20.631303499999998
chr1	1043223	CCT	C	intron	-0.012669	NA	NA	10.3	0.11	-0.12	0.455174	NA	0.143283	2.583e-09	AGRN	Nerve_Tibial	0	-0.025338	20.6	0	0.165	-0.18	0.0716415	20.631303499999998
chr1	1043223	CCT	C	intron	-0.012669	NA	NA	10.3	0.11	-0.12	0.455174	NA	0.143283	2.583e-09	C1orf159	Nerve_Tibial	0	-0.025338	20.6	0	0.165	-0.18	0.0716415	20.631303499999998
chr1	1043226	G	A	intron	-0.467567	13.3327389671179	6.52934711000018	12.5	0.06	-0.06	0.617406	NA	NA	NA	NA	NA	26.6654779342358	-0.935134	25	13.05869422000036	0.09	-0.09	0	63.78903815423616
chr1	1043230	C	T	intron	-0.41626	14.1276802403478	14.8889173650932	17.1	0.2	0.0	0.561392	NA	NA	NA	NA	NA	28.2553604806956	-0.83252	34.2	29.7778347301864	0.30000000000000004	0	0	91.700675210882
chr1	1043466	C	T	intron	0.676509	14.5468543081717	3.54616884635522	11.3	0.67	-0.05	0.463506	NA	NA	NA	NA	NA	29.0937086163434	1.353018	22.6	7.09233769271044	1.0050000000000001	-0.07500000000000001	0	61.069064309053836
chr1	1043467	G	A	intron	1.180275	22.9095681943786	16.2063828338457	8.86	0.71	-0.5	0.493993	NA	NA	NA	NA	NA	45.8191363887572	2.36055	17.72	32.4127656676914	1.065	-0.75	0	98.6274520564486
chr1	1043472	A	AG	intron	0.554038	NA	NA	11.3	0.05	0.0	0.483248	NA	NA	NA	NA	NA	0	1.108076	22.6	0	0.07500000000000001	0	0	23.783076
chr1	1043473	G	A	intron	0.500528	15.4608136103004	5.05120414381812	11.3	0.26	0.0	0.712061	NA	NA	NA	NA	NA	30.9216272206008	1.001056	22.6	10.10240828763624	0.39	0	0	65.01509150823703
chr1	1043476	G	A	intron	-0.259657	14.2591330020056	3.35590251063595	11.2	0.25	-0.01	0.630568	NA	NA	NA	NA	NA	28.5182660040112	-0.519314	22.4	6.7118050212719	0.375	-0.015	0	57.47075702528309
chr1	1043519	G	C	intron	0.722938	15.1841614240056	7.47572921851604	10.8	0.01	-0.08	0.875657	NA	NA	NA	NA	NA	30.3683228480112	1.445876	21.6	14.95145843703208	0.015	-0.12	0	68.26065728504328
chr1	1043521	T	C	intron	-0.110506	13.2254303071854	1.48937858717452	8.48	0.03	0.0	0.547885	NA	NA	NA	NA	NA	26.4508606143708	-0.221012	16.96	2.97875717434904	0.045	0	0	46.213605788719846
chr1	1043529	C	T	intron	0.309595	13.2254303071854	15.7015429069907	14.0	0.01	0.0	0.57895	NA	NA	NA	NA	NA	26.4508606143708	0.61919	28	31.4030858139814	0.015	0	0	86.4881364283522
chr1	1043741	G	A	intron	-0.290188	15.287716811837	9.57469578280466	12.0	0.04	0.0	0.720652	NA	NA	NA	NA	NA	30.575433623674	-0.580376	24	19.14939156560932	0.06	0	0	73.20444918928332
chr1	1043745	C	T	intron	-0.263692	11.9335596804535	0.909786196210317	6.23	0.02	0.0	0.379207	NA	NA	NA	NA	NA	23.867119360907	-0.527384	12.46	1.819572392420634	0.03	0	0	37.64930775332763
chr1	1044037	C	T	intron	-0.655149	3.56078306528644	3.87472365535248	9.39	0.0	0.0	0.309997	NA	NA	NA	NA	NA	7.12156613057288	-1.310298	18.78	7.74944731070496	0	0	0	32.340715441277844
chr1	1044038	G	A	intron	-0.452256	3.56078306528644	3.17979857322894	9.27	0.0	0.0	0.410624	NA	NA	NA	NA	NA	7.12156613057288	-0.904512	18.54	6.35959714645788	0	0	0	31.11665127703076
chr1	1044041	G	A	intron	-0.445585	3.56078306528644	2.29274153161489	11.1	0.01	-0.01	0.453494	NA	NA	NA	NA	NA	7.12156613057288	-0.89117	22.2	4.58548306322978	0.015	-0.015	0	33.01587919380266
chr1	1044057	C	T	intron	-0.226792	3.56078306528644	3.54989772786502	9.68	0.0	0.0	0.729558	NA	NA	NA	NA	NA	7.12156613057288	-0.453584	19.36	7.09979545573004	0	0	0	33.12777758630292
chr1	1044092	G	T	intron	-0.288679	13.0189600707644	2.71200157389561	11.2	0.0	0.0	0.697669	NA	NA	NA	NA	NA	26.0379201415288	-0.577358	22.4	5.42400314779122	0	0	0	53.28456528932002
chr1	1044270	C	T	intron	0.079496	3.96891675933828	2.34896210869937	6.97	0.03	0.0	0.435317	NA	NA	NA	NA	NA	7.93783351867656	0.158992	13.94	4.69792421739874	0.045	0	0	26.7797497360753
CHROM	POS	REF	ALT	INFO	SpliceAI	Pangolin	cadd_rawscore	linsight	fathmm_xf	gerp_n	ReMM	Prom	nes	pValue	geneSymbol	tissueSiteDetailId	SplicW	PangW	LinW	caddW	gerpW	fathmW	nesW	Nc_score
chr1	1013581	G	C	splice_region	0.12	-0.32	2.829095	22.6777562644409	34.461405685616	8.38	0.974081	-0.5347	NA	NA	NA	NA	0.24	-0.64	34.01663439666135	4.2436425	12.57	51.692108528424	0	102.12238542508535
chr1	1013978	C	A	splice_region	0.01	-0.02	0.342358	15.7106945255517	17.8724389608898	9.8	0.878544	0.0011	NA	NA	NA	NA	0.02	-0.04	23.56604178832755	0.513537	14.700000000000001	26.8086584413347	0	65.56823722966223
chr1	1013979	T	G	splice_region	0.12	-0.05	1.115816	15.7106945255517	21.2011308014983	10.3	0.880649	0.0478	NA	NA	NA	NA	0.24	-0.1	23.56604178832755	1.673724	15.450000000000001	31.801696202247452	0	72.631461990575
chr1	1013980	G	T	splice_region	0.02	-0.03	0.270337	15.213698158699	20.0223206869531	10.3	0.879172	0.0372	NA	NA	NA	NA	0.04	-0.06	22.820547238048498	0.40550549999999996	15.450000000000001	30.033481030429652	0	68.68953376847816
chr1	1013983	G	A	splice_acceptor	0.99	-0.86	3.550867	25.244947093816	22.3681207637199	10.3	0.957321	0.0092	NA	NA	NA	NA	1.98	-1.72	37.867420640724	5.3263005	15.450000000000001	33.55218114557985	0	92.45590228630387
chr1	1013986	C	T	splice_region	0.01	-0.01	0.26618	0.214925532744385	3.63751042249427	10.3	0.609564	-0.0033	NA	NA	NA	NA	0.02	-0.02	0.3223882991165775	0.39927	15.450000000000001	5.456265633741405	0	21.627923932857986
chr1	1020377	C	A	splice_region	0.01	0.0	1.262629	14.9700608456419	12.7935448666162	8.61	0.737514	0.3182	NA	NA	NA	NA	0.02	0	22.45509126846285	1.8939435	12.915	19.1903172999243	0	56.474352068387155
chr1	1020377	C	A	splice_region	0.01	0.0	1.262629	14.9700608456419	12.7935448666162	8.61	0.737514	0.3182	NA	NA	NA	NA	0.02	0	22.45509126846285	1.8939435	12.915	19.1903172999243	0	56.474352068387155
chr1	1022195	C	T	splice_region	0.0	0.0	NA	NA	NA	NA	0.296554	NA	NA	NA	NA	NA	0	0	0	0	0	0	0	0
chr1	1022466	C	T	splice_region	0.3	-0.02	NA	NA	NA	NA	0.142306	NA	NA	NA	NA	NA	0.6	-0.04	0	0	0	0	0	0.5599999999999999
chr1	1022467	G	A	splice_region	0.7	-0.1	1.147828	18.9271181400706	31.5834251570817	15.9	0.325494	NA	NA	NA	NA	NA	1.4	-0.2	28.3906772101059	1.721742	23.85	47.375137735622545	0	102.53755694572844
chr1	1022470	G	C	splice_region	0.07	0.0	-0.222683	7.51791433334885	17.1004270118458	9.83	0.0858607	NA	NA	NA	NA	NA	0.14	0	11.276871500023276	-0.3340245	14.745000000000001	25.6506405177687	0	51.478487517791976
chr1	1035270	C	T	splice_region	0.0	0.0	-0.546301	14.4117385937914	3.22183334414969	9.71	0.142932	NA	NA	NA	NA	NA	0	0	21.6176078906871	-0.8194515	14.565000000000001	4.8327500162245345	0	40.19590640691164
chr1	1035273	C	T	splice_region	0.0	0.0	-0.050261	14.2227190036066	23.0643999097802	10.8	0.838506	NA	NA	NA	NA	NA	0	0	21.3340785054099	-0.0753915	16.200000000000003	34.596599864670296	0	72.0552868700802
chr1	1035275	A	G	splice_acceptor	1.0	-0.83	2.254143	16.2385815010071	34.3911025915509	11.2	0.926152	NA	NA	NA	NA	NA	2	-1.66	24.35787225151065	3.3812145	16.799999999999997	51.58665388732635	0	96.46574063883699
chr1	1040657	C	T	splice_region	0.0	-0.03	0.242182	9.0112078261518	14.7252076400522	9.42	0.580858	NA	NA	NA	NA	NA	0	-0.06	13.5168117392277	0.363273	14.129999999999999	22.0878114600783	0	50.037896199306
chr1	1040658	G	C	splice_region	0.05	0.0	0.25965	10.3878462635058	2.80441374768285	10.8	0.63323	NA	NA	NA	NA	NA	0.1	0	15.5817693952587	0.389475	16.200000000000003	4.206620621524275	0	36.47786501678298
chr1	1040659	C	T	splice_region	0.01	-0.04	0.505211	10.5375600776056	23.3166886298454	13.9	0.785505	NA	NA	NA	NA	NA	0.02	-0.08	15.8063401164084	0.7578164999999999	20.85	34.9750329447681	0	72.3291895611765
chr1	1040665	C	T	splice_region	0.02	0.0	1.598127	0.214925532744385	5.48602932017699	17.2	0.929895	NA	NA	NA	NA	NA	0.04	0	0.3223882991165775	2.3971905000000002	25.799999999999997	8.229043980265486	0	36.78862277938206
chr1	1040666	G	A	splice_region	0.03	0.0	0.504411	0.214925532744385	0.686345405804846	17.2	0.682916	NA	NA	NA	NA	NA	0.06	0	0.3223882991165775	0.7566165	25.799999999999997	1.0295181087072691	0	27.968522907823843
chr1	1040879	C	T	splice_region	0.04	0.0	0.989581	0.214925532744385	0.472904503565222	17.6	0.733505	NA	NA	NA	NA	NA	0.08	0	0.3223882991165775	1.4843715	26.400000000000002	0.709356755347833	0	28.99611655446441
chr1	1040886	C	T	splice_region	0.01	0.0	0.271306	11.7524620387765	12.8251502710315	12.4	0.763961	NA	NA	NA	NA	NA	0.02	0	17.62869305816475	0.40695899999999996	18.6	19.23772540654725	0	55.893377464712
chr1	1040886	CGGGGCGGGGCCGGTGCCT	C	splice_region	0.0	0.0	NA	NA	NA	NA	0.763961	NA	NA	NA	NA	NA	0	0	0	0	0	0	0	0
chr1	1040887	G	C	splice_region	0.0	0.0	0.658575	9.03699781355309	23.6738798672884	11.4	0.8957	NA	NA	NA	NA	NA	0	0	13.555496720329634	0.9878625000000001	17.1	35.510819800932595	0	67.15417902126222
chr1	1041165	G	T	splice_region	0.14	0.0	-0.27953	13.0256632238125	6.50597735187387	8.55	0.543384	NA	NA	NA	NA	NA	0.28	0	19.53849483571875	-0.419295	12.825000000000001	9.758966027810805	0	41.983165863529564
chr1	1041168	C	T	splice_region	0.03	-0.04	0.216683	15.1439269685304	27.2938000810619	13.9	0.675269	NA	NA	NA	NA	NA	0.06	-0.08	22.7158904527956	0.3250245	20.85	40.94070012159285	0	84.81161507438846
chr1	1041174	C	G	splice_region	0.01	-0.02	0.420137	0.214925532744385	0.571659544132772	18.3	0.702355	NA	NA	NA	NA	NA	0.02	-0.04	0.3223882991165775	0.6302055	27.450000000000003	0.8574893161991579	0	29.240083115315738
chr1	1041403	C	A	splice_region	0.07	-0.13	0.737358	12.2455840947758	21.2901348662889	14.1	0.706117	NA	NA	NA	NA	NA	0.14	-0.26	18.3683761421637	1.106037	21.15	31.93520229943335	0	72.43961544159706
chr1	1041403	C	T	splice_region	0.15	0.0	0.775976	12.2455840947758	14.9845501707195	14.1	0.706117	NA	NA	NA	NA	NA	0.3	0	18.3683761421637	1.163964	21.15	22.47682525607925	0	63.459165398242945
chr1	1041404	G	T	splice_region	0.02	-0.06	-0.180846	12.0815940802314	16.6921964680128	10.2	0.557201	NA	NA	NA	NA	NA	0.04	-0.12	18.1223911203471	-0.271269	15.299999999999999	25.0382947020192	0	58.1094168223663
chr1	1041475	C	T	splice_region	0.06	0.0	1.131806	14.05321174108	24.2526252352748	15.1	0.736723	NA	NA	NA	NA	NA	0.12	0	21.07981761162	1.6977090000000001	22.65	36.3789378529122	0	81.9264644645322
chr1	1041479	C	T	splice_region	0.12	0.0	1.502983	0.214925532744385	1.46982374019848	16.6	0.976797	NA	NA	NA	NA	NA	0.24	0	0.3223882991165775	2.2544744999999997	24.900000000000002	2.20473561029772	0	29.921598409414297
chr1	1041480	C	T	splice_region	0.05	0.0	3.753207	0.214925532744385	20.678048704027	16.6	0.980905	NA	NA	NA	NA	NA	0.1	0	0.3223882991165775	5.6298105000000005	24.900000000000002	31.0170730560405	0	61.96927185515708
chr1	1041706	A	G	splice_region	0.33	-0.2	0.239943	12.1461650211872	17.6068235138664	15.2	0.403182	NA	NA	NA	NA	NA	0.66	-0.4	18.2192475317808	0.35991449999999997	22.799999999999997	26.410235270799596	0	68.04939730258039
chr1	1041709	G	A	splice_region	0.02	0.0	-0.105475	9.10567110702726	20.2548521107089	12.0	0.648919	NA	NA	NA	NA	NA	0.04	0	13.658506660540889	-0.1582125	18	30.38227816606335	0	61.92257232660424
chr1	1041949	G	A	splice_region	0.08	0.0	-0.801209	11.6445587518284	10.8545100296169	1.86	0.300169	NA	NA	NA	NA	NA	0.16	0	17.4668381277426	-1.2018134999999999	2.79	16.28176504442535	0	35.49678967216795
chr1	1041949	GT	AC	splice_region	0.0	0.0	-0.088646	NA	NA	4.03	0.300169	NA	NA	NA	NA	NA	0	0	0	-0.132969	6.045	0	0	5.912031
chr1	1041950	T	C	splice_region	0.12	-0.01	0.092155	10.9797319941375	15.0268788926446	4.03	0.505626	NA	NA	NA	NA	NA	0.24	-0.02	16.46959799120625	0.1382325	6.045	22.540318338966898	0	45.41314883017315
chr1	1041956	A	G	splice_region	0.22	0.0	2.644594	0.214925532744385	18.8561915572522	17.3	0.941872	NA	NA	NA	NA	NA	0.44	0	0.3223882991165775	3.9668910000000004	25.950000000000003	28.284287335878297	0	58.963566634994876
chr1	1042165	G	A	splice_region	0.02	0.0	1.354235	20.3286180837773	33.0027989029464	16.9	0.983091	NA	NA	NA	NA	NA	0.04	0	30.49292712566595	2.0313525	25.349999999999998	49.5041983544196	0	107.41847798008556
chr1	1042168	C	T	splice_region	0.03	0.0	0.628296	25.2709667505808	32.2814303807713	14.0	0.940859	NA	NA	NA	NA	NA	0.06	0	37.9064501258712	0.942444	21	48.422145571156946	0	108.33103969702816
chr1	1042169	G	A	splice_region	0.0	0.0	-0.404651	14.9747431152609	18.3927182006514	12.4	0.543285	NA	NA	NA	NA	NA	0	0	22.46211467289135	-0.6069765	18.6	27.589077300977102	0	68.04421547386846
chr1	1042169	G	C	splice_region	0.03	-0.02	-0.429493	14.9747431152609	23.8074179426855	12.4	0.543285	NA	NA	NA	NA	NA	0.06	-0.04	22.46211467289135	-0.6442395000000001	18.6	35.71112691402825	0	76.1490020869196
chr1	1042169	G	GC	splice_region	0.01	-0.01	-0.039654	NA	NA	12.4	0.543285	NA	NA	NA	NA	NA	0.02	-0.02	0	-0.059481000000000006	18.6	0	0	18.540519
chr1	1043240	C	G	splice_region	0.32	-0.04	1.594415	0.214925532744385	13.6561006173208	17.5	0.905285	NA	NA	NA	NA	NA	0.64	-0.08	0.3223882991165775	2.3916225	26.25	20.484150925981197	0	50.00816172509778
chr1	1043460	C	T	splice_region	0.18	0.0	1.128264	19.6042092715438	29.1970801578916	18.0	0.940568	NA	NA	NA	NA	NA	0.36	0	29.406313907315702	1.692396	27	43.7956202368374	0	102.2543301441531
chr1	1043532	C	T	splice_region	0.05	-0.02	0.315636	15.0654222449601	20.138826705646	14.0	0.613191	NA	NA	NA	NA	NA	0.1	-0.04	22.59813336744015	0.47345400000000004	21	30.208240058469002	0	74.33982742590914
chr1	1043534	C	A	splice_region	0.07	0.0	-0.257027	15.30415609586	21.5177507657961	15.1	0.728944	NA	NA	NA	NA	NA	0.14	0	22.95623414379	-0.3855405	22.65	32.27662614869415	0	77.63731979248415
chr1	1043540	C	T	splice_region	0.04	-0.01	4.054061	0.214925532744385	19.648557447749	16.1	0.971377	NA	NA	NA	NA	NA	0.08	-0.02	0.3223882991165775	6.081091499999999	24.150000000000002	29.4728361716235	0	60.086315970740074
chr1	1043730	G	A	splice_region	0.05	0.0	4.403727	0.214925532744385	24.7711559453505	17.4	0.917704	NA	NA	NA	NA	NA	0.1	0	0.3223882991165775	6.6055905	26.099999999999998	37.15673391802575	0	70.28471271714233
chr1	1043732	G	A	splice_region	0.3	-0.2	1.123704	0.214925532744385	3.77982488150427	17.4	0.566448	NA	NA	NA	NA	NA	0.6	-0.4	0.3223882991165775	1.685556	26.099999999999998	5.669737322256405	0	33.97768162137298
chr1	1043733	G	T	splice_donor	1.0	-0.84	4.22473	21.3094594398185	42.3077316916525	17.4	0.934436	NA	NA	NA	NA	NA	2	-1.68	31.964189159727752	6.337095	26.099999999999998	63.46159753747875	0	128.18288169720648
chr1	1043816	C	T	splice_region	0.01	-0.02	0.204111	13.5961031315595	19.4258015109578	8.41	0.60185	NA	NA	NA	NA	NA	0.02	-0.04	20.39415469733925	0.3061665	12.615	29.138702266436702	0	62.43402346377596
chr1	1043819	G	A	splice_region	0.02	0.0	0.145804	11.8328340639832	24.867719475293	16.0	0.879385	NA	NA	NA	NA	NA	0.04	0	17.7492510959748	0.21870599999999998	24	37.3015792129395	0	79.3095363089143
chr1	1043822	G	A	splice_acceptor	0.94	-0.76	5.006156	26.6583518681942	37.7300065457155	18.4	0.980289	NA	NA	NA	NA	NA	1.88	-1.52	39.9875278022913	7.509233999999999	27.599999999999998	56.595009818573246	0	132.0517716208645
chr1	1044027	G	A	splice_region	0.02	0.0	0.042096	14.3621091592886	23.7609629059801	18.4	0.846551	NA	NA	NA	NA	NA	0.04	0	21.5431637389329	0.063144	27.599999999999998	35.64144435897015	0	84.88775209790306
chr1	1044029	C	G	splice_region	0.06	-0.14	-0.14076	6.5274797462019	26.3870779470549	16.2	0.612183	NA	NA	NA	NA	NA	0.12	-0.28	9.79121961930285	-0.21114	24.299999999999997	39.58061692058235	0	73.3006965398852
chr1	1044031	G	A	splice_region	0.01	-0.05	-0.858039	3.56078306528644	11.0596875538707	14.7	0.455184	NA	NA	NA	NA	NA	0.02	-0.1	5.34117459792966	-1.2870585	22.049999999999997	16.58953133080605	0	42.6136474287357
chr1	1044104	C	G	splice_region	0.01	-0.06	-0.30262	13.0189600707644	27.4430584718417	15.2	0.324765	NA	NA	NA	NA	NA	0.02	-0.12	19.5284401061466	-0.45393	22.799999999999997	41.16458770776255	0	82.93909781390914
chr1	1044104	C	T	splice_region	0.0	0.0	-0.309222	13.0189600707644	19.1778915753573	15.2	0.324765	NA	NA	NA	NA	NA	0	0	19.5284401061466	-0.463833	22.799999999999997	28.76683736303595	0	70.63144446918254
chr1	1044105	G	A	splice_region	0.0	0.0	-0.583063	13.0596562967946	15.985829860991	10.7	0.359437	NA	NA	NA	NA	NA	0	0	19.5894844451919	-0.8745944999999999	16.049999999999997	23.9787447914865	0	58.743634736678395
chr1	1044106	C	T	splice_region	0.0	-0.03	NA	NA	NA	NA	0.769871	NA	NA	NA	NA	NA	0	-0.06	0	0	0	0	0	-0.06
chr1	1044110	C	T	splice_region	0.0	0.0	-0.861925	0.214925532744385	0.442744104473123	19.3	0.365661	NA	NA	NA	NA	NA	0	0	0.3223882991165775	-1.2928875	28.950000000000003	0.6641161567096845	0	28.643616955826264
chr1	1044111	G	A	splice_region	0.02	0.0	2.562355	0.214925532744385	25.0013794549918	19.3	0.891195	NA	NA	NA	NA	NA	0.04	0	0.3223882991165775	3.8435325000000002	28.950000000000003	37.5020691824877	0	70.65798998160429
chr1	1044111	G	T	splice_region	0.57	-0.03	NA	NA	NA	NA	0.891195	NA	NA	NA	NA	NA	1.14	-0.06	0	0	0	0	0	1.0799999999999998
chr1	1044256	C	T	splice_region	0.0	-0.02	0.96068	0.214925532744385	13.0580713238275	19.1	0.537694	NA	NA	NA	NA	NA	0	-0.04	0.3223882991165775	1.44102	28.650000000000002	19.58710698574125	0	49.96051528485783
chr1	1044265	C	G	splice_region	0.0	-0.01	0.053228	6.6672822543306	20.3077173117141	13.0	0.809883	NA	NA	NA	NA	NA	0	-0.02	10.0009233814959	0.079842	19.5	30.46157596757115	0	60.02234134906705
chr1	1044330	C	T	splice_region	0.04	-0.01	0.091276	13.0596562967946	17.9515392251623	9.95	0.528044	NA	NA	NA	NA	NA	0.08	-0.02	19.5894844451919	0.13691399999999998	14.924999999999999	26.92730883774345	0	61.63870728293535
chr1	1044446	C	T	splice_region	0.0	0.0	NA	NA	NA	NA	0.602374	NA	NA	NA	NA	NA	0	0	0	0	0	0	0	0
chr1	1044447	G	A	splice_region	0.0	0.0	-0.114469	11.0429837631103	18.5418339010794	10.5	0.608818	NA	NA	NA	NA	NA	0	0	16.56447564466545	-0.1717035	15.75	27.8127508516191	0	59.95552299628455
chr1	1045157	G	A	splice_region	0.0	0.0	-0.401979	10.6356566274555	17.5671124958856	14.1	0.56029	NA	NA	NA	NA	NA	0	0	15.95348494118325	-0.6029685	21.15	26.3506687438284	0	62.85118518501165
chr1	1045158	C	T	splice_region	0.0	-0.01	0.584447	13.0828146004103	30.3479913746101	15.3	0.917234	NA	NA	NA	NA	NA	0	-0.02	19.62422190061545	0.8766705000000001	22.950000000000003	45.52198706191515	0	88.9528794625306
chr1	1045161	G	A	splice_region	0.0	0.0	1.008008	0.214925532744385	12.0306135071867	11.3	0.589298	NA	NA	NA	NA	NA	0	0	0.3223882991165775	1.512012	16.950000000000003	18.04592026078005	0	36.830320559896634
chr1	1045278	G	T	splice_donor	1.0	-0.86	4.711362	24.5910737617979	42.8390824850282	17.1	0.973583	NA	NA	NA	NA	NA	2	-1.72	36.88661064269685	7.067043	25.650000000000002	64.2586237275423	0	134.14227737023916
chr1	1045352	C	T	splice_region	0.0	0.0	-0.153236	10.6322305925786	18.9578016226388	10.0	0.227846	NA	NA	NA	NA	NA	0	0	15.948345888867898	-0.229854	15	28.436702433958203	0	59.155194322826105
chr1	1045523	C	T	splice_region	0.0	0.0	NA	NA	NA	NA	0.964824	NA	NA	NA	NA	NA	0	0	0	0	0	0	0	0
chr1	1045526	G	T	splice_region	0.13	-0.47	1.352196	16.2100097247954	34.1291738802399	18.2	0.421216	NA	NA	NA	NA	NA	0.26	-0.94	24.315014587193097	2.028294	27.299999999999997	51.19376082035984	0	104.15706940755294
chr1	1045527	A	G	splice_region	0.17	-0.5	1.802481	23.8442092596263	35.9111446280879	18.2	0.959632	NA	NA	NA	NA	NA	0.34	-1	35.76631388943945	2.7037215	27.299999999999997	53.866716942131845	0	118.97675233157129
chr1	1045729	A	C	splice_region	0.14	-0.01	0.570004	12.704468629929	22.1569827916747	0.21	0.660923	NA	NA	NA	NA	NA	0.28	-0.02	19.0567029448935	0.8550059999999999	0.315	33.235474187512054	0	53.722183132405554
chr1	1045734	C	G	splice_region	0.11	-0.01	0.86307	0.214925532744385	2.19958615084477	18.4	0.509879	NA	NA	NA	NA	NA	0.22	-0.02	0.3223882991165775	1.294605	27.599999999999998	3.2993792262671553	0	32.716372525383726
chr1	1045734	C	T	splice_region	0.03	0.0	0.908163	0.214925532744385	3.54483744248937	18.4	0.509879	NA	NA	NA	NA	NA	0.06	0	0.3223882991165775	1.3622445	27.599999999999998	5.317256163734054	0	34.66188896285063
chr1	1045882	T	C	splice_region	0.01	-0.17	0.914359	8.15373949394734	17.0012771699844	10.0	0.686694	NA	NA	NA	NA	NA	0.02	-0.34	12.230609240921009	1.3715385	15	25.5019157549766	0	53.784063495897605
chr1	1045957	G	T	splice_region	0.06	0.0	-0.174316	4.58240068620547	21.9493828745062	8.01	0.721887	NA	NA	NA	NA	NA	0.12	0	6.873601029308205	-0.261474	12.015	32.9240743117593	0	51.6712013410675
chr1	1045960	C	T	splice_region	0.02	-0.04	-0.357571	4.58240068620547	22.1187434077166	15.0	0.558379	NA	NA	NA	NA	NA	0.04	-0.08	6.873601029308205	-0.5363565	22.5	33.1781151115749	0	61.975359640883106
chr1	1045965	C	T	splice_region	0.03	0.0	-0.43889	0.214925532744385	1.11133739101535	16.9	0.382099	NA	NA	NA	NA	NA	0.06	0	0.3223882991165775	-0.658335	25.349999999999998	1.667006086523025	0	26.7410593856396
chr1	1045966	G	A	splice_region	0.01	0.0	0.269721	0.214925532744385	13.327575465305	16.9	0.437993	NA	NA	NA	NA	NA	0.02	0	0.3223882991165775	0.4045815	25.349999999999998	19.991363197957497	0	46.088332997074076
chr1	1046095	G	A	splice_region	0.03	0.0	-0.44196	9.08275893533639	20.9730752606439	7.59	0.136061	NA	NA	NA	NA	NA	0.06	0	13.624138403004585	-0.6629400000000001	11.385	31.45961289096585	0	55.86581129397044
chr1	1046095	G	T	splice_region	0.15	0.0	-0.479946	9.08275893533639	22.81828265671	7.59	0.136061	NA	NA	NA	NA	NA	0.3	0	13.624138403004585	-0.719919	11.385	34.227423985065	0	58.816643388069586
chr1	1046154	C	T	splice_region	0.0	0.0	-0.101285	11.4331839959321	23.5199972369457	14.4	0.129631	NA	NA	NA	NA	NA	0	0	17.149775993898153	-0.1519275	21.6	35.27999585541855	0	73.8778443493167
chr1	1046155	C	T	splice_region	0.03	0.0	0.148549	13.1923410017177	26.2773811252365	16.0	0.78587	NA	NA	NA	NA	NA	0.06	0	19.78851150257655	0.22282349999999998	24	39.416071687854746	0	83.4874066904313
chr1	1046162	C	G	splice_region	0.0	-0.01	0.325053	0.214925532744385	1.78683253847921	17.7	0.915853	NA	NA	NA	NA	NA	0	-0.02	0.3223882991165775	0.48757949999999994	26.549999999999997	2.680248807718815	0	30.02021660683539
chr1	1046398	G	A	splice_region	0.4	-0.01	-0.0632	0.214925532744385	2.4432406775347	14.2	0.557526	NA	NA	NA	NA	NA	0.8	-0.02	0.3223882991165775	-0.09480000000000001	21.299999999999997	3.6648610163020505	0	25.972449315418626
chr1	1046736	G	A	splice_donor	0.94	-0.65	4.211069	30.8199534858411	36.0202832264153	14.0	0.944933	NA	NA	NA	NA	NA	1.88	-1.3	46.22993022876165	6.3166035	21	54.03042483962295	0	128.1569585683846
chr1	1046741	C	T	splice_region	0.36	0.0	0.565414	15.9344655526651	21.9523956230034	10.9	0.830944	NA	NA	NA	NA	NA	0.72	0	23.90169832899765	0.8481209999999999	16.35	32.9285934345051	0	74.74841276350276
chr1	1046813	T	G	splice_region	0.22	-0.35	0.336265	4.65859028010233	20.5943509296062	12.5	0.680127	NA	NA	NA	NA	NA	0.44	-0.7	6.987885420153495	0.5043974999999999	18.75	30.8915263944093	0	56.87380931456279
chr1	1046821	G	T	splice_region	0.04	0.0	-0.239339	0.214925532744385	2.05179052165971	11.0	0.539907	NA	NA	NA	NA	NA	0.08	0	0.3223882991165775	-0.3590085	16.5	3.0776857824895654	0	19.62106558160614
chr1	1046956	C	T	splice_region	0.0	0.0	-0.153916	0.214925532744385	0.415947269387551	17.4	0.451944	NA	NA	NA	NA	NA	0	0	0.3223882991165775	-0.230874	26.099999999999998	0.6239209040813265	0	26.815435203197904
chr1	1047320	C	G	splice_region	0.32	-0.1	0.266627	16.0667698122027	23.8923639586127	18.2	0.880131	NA	NA	NA	NA	NA	0.64	-0.2	24.10015471830405	0.39994050000000003	27.299999999999997	35.83854593791905	0	88.0786411562231
chr1	1047324	C	T	splice_region	0.25	-0.07	1.396219	34.37694961578	34.9131274449795	18.3	0.974052	NA	NA	NA	NA	NA	0.5	-0.14	51.565424423669995	2.0943285	27.450000000000003	52.369691167469256	0	133.83944409113928
chr1	1047452	A	G	splice_region	0.09	-0.16	-0.177232	0.214925532744385	3.0017939252258	18.3	0.212686	NA	NA	NA	NA	NA	0.18	-0.32	0.3223882991165775	-0.265848	27.450000000000003	4.5026908878387	0	31.869231186955275
