CHROM	POS	REF	ALT	INFO	Nc_score
chr1	1013855	G	A	intron	-0.0645845
chr1	1044106	C	T	splice_region	-0.06
chr1	1022481	GTGTGGGGGC	G	intron	-0.015
chr1	1020392	C	A	intron	-0.0029
chr1	1020392	C	A	intron	-0.0029
chr1	1020391	C	G	intron	-0.0026
chr1	1020391	C	G	intron	-0.0026
chr1	1022195	C	T	splice_region	0
chr1	1040886	CGGGGCGGGGCCGGTGCCT	C	splice_region	0
chr1	1044446	C	T	splice_region	0
chr1	1045523	C	T	splice_region	0
chr1	1020392	C	G	intron	0.0064
chr1	1020392	C	G	intron	0.0064
chr1	1041717	C	CG	intron	0.015
chr1	1013973	G	T	intron	0.0382
chr1	1022466	C	T	splice_region	0.5599999999999999
chr1	1044111	G	T	splice_region	1.0799999999999998
chr1	1020183	G	C	5_prime_utr	1.1748939999999999
chr1	1020183	G	C	5_prime_utr	1.1748939999999999
chr1	1013549	GGCCCACAGCCCACA	G	5_prime_utr	1.537814
chr1	1022230	A	G	5_prime_utr	1.610674
chr1	1022368	C	A	5_prime_utr	1.884464
chr1	1022363	C	G	5_prime_utr	1.950986
chr1	1022225	G	A	5_prime_utr	1.983434
chr1	1022231	G	A	5_prime_utr	1.9846
chr1	1022237	G	C	5_prime_utr	1.9861
chr1	1041792	TCGAGG	T	intron	5.44771
chr1	1041949	GT	AC	splice_region	5.912031
chr1	1020196	C	T	5_prime_utr	6.554444486905408
chr1	1020196	C	T	5_prime_utr	6.554444486905408
chr1	1041134	C	A	intron	9.61197007031604
chr1	1022478	CT	C	intron	10.225534
chr1	1020195	G	C	5_prime_utr	10.355341012928182
chr1	1020195	G	C	5_prime_utr	10.355341012928182
chr1	1020193	G	T	5_prime_utr	10.92175276040666
chr1	1020193	G	T	5_prime_utr	10.92175276040666
chr1	1020239	G	C	5_prime_utr	10.942231619104115
chr1	1020239	G	C	5_prime_utr	10.942231619104115
chr1	1020240	T	G	5_prime_utr	11.067801119007214
chr1	1020240	T	G	5_prime_utr	11.067801119007214
chr1	1020204	G	GGCCGCTGCT	5_prime_utr	11.245621
chr1	1041119	GGGC	G	intron	11.782868
chr1	1020192	C	G	5_prime_utr	12.377150139670338
chr1	1020192	C	G	5_prime_utr	12.377150139670338
chr1	1020192	C	T	5_prime_utr	12.516816031737445
chr1	1020192	C	T	5_prime_utr	12.516816031737445
chr1	1020235	G	C	5_prime_utr	13.035078089519686
chr1	1020235	G	C	5_prime_utr	13.035078089519686
chr1	1020235	G	T	5_prime_utr	13.036842787264916
chr1	1020235	G	T	5_prime_utr	13.036842787264916
chr1	1020204	G	T	5_prime_utr	13.152702243034256
chr1	1020204	G	T	5_prime_utr	13.152702243034256
chr1	1020262	A	G	5_prime_utr	13.612624364665365
chr1	1020262	A	G	5_prime_utr	13.612624364665365
chr1	1020216	C	T	5_prime_utr	13.623132040669836
chr1	1020216	C	T	5_prime_utr	13.623132040669836
chr1	1020204	G	A	5_prime_utr	13.636122534512477
chr1	1020204	G	A	5_prime_utr	13.636122534512477
chr1	1020206	C	T	5_prime_utr	14.373130258371155
chr1	1020206	C	T	5_prime_utr	14.373130258371155
chr1	1040899	G	C	intron	14.50672743611334
chr1	1013466	T	TA	intron	14.6495
chr1	1041776	CCGGCCAGTGCCAGGGTCGAGGTGGGCGGCTCCCCCGGGGGAGGGCTG	C	intron	14.961148
chr1	1020223	TGTG	T	5_prime_utr	14.984765
chr1	1013998	G	A	5_prime_utr	15.020872612050423
chr1	1020221	C	T	5_prime_utr	15.153398487022905
chr1	1020221	C	T	5_prime_utr	15.153398487022905
chr1	1020233	G	T	5_prime_utr	15.676630154563226
chr1	1020233	G	T	5_prime_utr	15.676630154563226
chr1	1020226	G	C	5_prime_utr	15.82486749971345
chr1	1020226	G	C	5_prime_utr	15.82486749971345
chr1	1040942	G	A	intron	15.8359147097663
chr1	1020208	G	C	5_prime_utr	16.130109934188617
chr1	1020208	G	C	5_prime_utr	16.130109934188617
chr1	1020208	G	A	5_prime_utr	16.139839610954354
chr1	1020208	G	A	5_prime_utr	16.139839610954354
chr1	1020247	C	G	5_prime_utr	16.150350488631034
chr1	1020247	C	G	5_prime_utr	16.150350488631034
chr1	1020199	G	A	5_prime_utr	16.377994922973933
chr1	1020199	G	A	5_prime_utr	16.377994922973933
chr1	1020196	CCCGCTGCGG	C	5_prime_utr	16.39534
chr1	1020220	C	T	5_prime_utr	16.416779573766835
chr1	1020220	C	T	5_prime_utr	16.416779573766835
chr1	1020217	G	T	5_prime_utr	16.964787470269183
chr1	1020217	G	T	5_prime_utr	16.964787470269183
chr1	1020217	G	T	5_prime_utr	16.964787470269183
chr1	1020217	G	T	5_prime_utr	16.964787470269183
chr1	1020217	G	T	5_prime_utr	16.964787470269183
chr1	1020217	G	T	5_prime_utr	16.964787470269183
chr1	1020217	G	T	5_prime_utr	16.964787470269183
chr1	1020217	G	T	5_prime_utr	16.964787470269183
chr1	1020200	C	T	5_prime_utr	16.99702863285293
chr1	1020200	C	T	5_prime_utr	16.99702863285293
chr1	1020253	C	G	5_prime_utr	17.22592995450257
chr1	1020253	C	G	5_prime_utr	17.22592995450257
chr1	1020217	G	T	5_prime_utr	17.47187447026918
chr1	1020217	G	T	5_prime_utr	17.47187447026918
chr1	1020217	G	T	5_prime_utr	17.47187447026918
chr1	1020217	G	T	5_prime_utr	17.47187447026918
chr1	1020217	G	T	5_prime_utr	17.47187447026918
chr1	1020217	G	T	5_prime_utr	17.47187447026918
chr1	1020217	G	T	5_prime_utr	17.47187447026918
chr1	1020217	G	T	5_prime_utr	17.47187447026918
chr1	1020217	G	T	5_prime_utr	17.584941470269182
chr1	1020217	G	T	5_prime_utr	17.584941470269182
chr1	1020217	G	T	5_prime_utr	17.584941470269182
chr1	1020217	G	T	5_prime_utr	17.584941470269182
chr1	1020217	G	T	5_prime_utr	17.584941470269182
chr1	1020217	G	T	5_prime_utr	17.584941470269182
chr1	1020217	G	T	5_prime_utr	17.584941470269182
chr1	1020217	G	T	5_prime_utr	17.584941470269182
chr1	1020182	C	G	5_prime_utr	17.641597160069434
chr1	1020182	C	G	5_prime_utr	17.641597160069434
chr1	1020177	C	A	5_prime_utr	17.768472383748882
chr1	1020177	C	A	5_prime_utr	17.768472383748882
chr1	1013541	T	C	5_prime_utr	17.99605190428468
chr1	1020217	G	T	5_prime_utr	18.10248347026918
chr1	1020217	G	T	5_prime_utr	18.10248347026918
chr1	1020217	G	T	5_prime_utr	18.10248347026918
chr1	1020217	G	T	5_prime_utr	18.10248347026918
chr1	1020217	G	T	5_prime_utr	18.10248347026918
chr1	1020217	G	T	5_prime_utr	18.10248347026918
chr1	1020217	G	T	5_prime_utr	18.10248347026918
chr1	1020217	G	T	5_prime_utr	18.10248347026918
chr1	1041798	TGGGCGGCTCCCCCGGGGGAGGGCTGCGGCCAGTGCCAGGGTC	T	intron	18.122044000000002
chr1	1020216	CG	GT	5_prime_utr	18.122202
chr1	1020237	G	A	5_prime_utr	18.416604864689976
chr1	1020237	G	A	5_prime_utr	18.416604864689976
chr1	1042169	G	GC	splice_region	18.540519
chr1	1040900	T	A	intron	18.548739697830825
chr1	1020209	C	G	5_prime_utr	18.656996525549555
chr1	1020209	C	G	5_prime_utr	18.656996525549555
chr1	1020316	C	T	5_prime_utr	19.150935891745437
chr1	1020316	C	T	5_prime_utr	19.150935891745437
chr1	1020216	C	G	5_prime_utr	19.265994216023465
chr1	1020216	C	G	5_prime_utr	19.265994216023465
chr1	1020257	G	A	5_prime_utr	19.274530798686985
chr1	1020257	G	A	5_prime_utr	19.274530798686985
chr1	1013997	C	A	5_prime_utr	19.441165805782585
chr1	1020200	C	A	5_prime_utr	19.547810581631655
chr1	1020200	C	A	5_prime_utr	19.547810581631655
chr1	1020182	C	T	5_prime_utr	19.613728333722186
chr1	1020182	C	T	5_prime_utr	19.613728333722186
chr1	1046821	G	T	splice_region	19.62106558160614
chr1	1020361	G	C	5_prime_utr	19.721366702424255
chr1	1020361	G	C	5_prime_utr	19.721366702424255
chr1	1020319	G	C	5_prime_utr	19.774165246342292
chr1	1020319	G	C	5_prime_utr	19.774165246342292
chr1	1020248	G	A	5_prime_utr	19.809857962971055
chr1	1020248	G	A	5_prime_utr	19.809857962971055
chr1	1020286	G	T	5_prime_utr	19.979717157981835
chr1	1020286	G	T	5_prime_utr	19.979717157981835
chr1	1020337	C	T	5_prime_utr	20.025001508888487
chr1	1020337	C	T	5_prime_utr	20.025001508888487
chr1	1022335	C	T	5_prime_utr	20.188065203548483
chr1	1022260	C	T	5_prime_utr	20.23283589190735
chr1	1022284	C	T	5_prime_utr	20.317057563486433
chr1	1020274	C	T	5_prime_utr	20.350345084597063
chr1	1020274	C	T	5_prime_utr	20.350345084597063
chr1	1043223	CCT	C	intron	20.479280499999998
chr1	1043223	CCT	C	intron	20.479280499999998
chr1	1043223	CCT	C	intron	20.479280499999998
chr1	1043223	CCT	C	intron	20.479280499999998
chr1	1022263	C	T	5_prime_utr	20.488382828856725
chr1	1043223	CCT	C	intron	20.631303499999998
chr1	1043223	CCT	C	intron	20.631303499999998
chr1	1043223	CCT	C	intron	20.631303499999998
chr1	1043223	CCT	C	intron	20.631303499999998
chr1	1043223	CCT	C	intron	20.666252
chr1	1043223	CCT	C	intron	20.666252
chr1	1043223	CCT	C	intron	20.666252
chr1	1043223	CCT	C	intron	20.666252
chr1	1043223	CCT	C	intron	20.8396065
chr1	1043223	CCT	C	intron	20.8396065
chr1	1043223	CCT	C	intron	20.8396065
chr1	1043223	CCT	C	intron	20.8396065
chr1	1022518	G	T	intron	20.985838259981527
chr1	1022518	G	T	intron	20.985838259981527
chr1	1022518	G	T	intron	20.985838259981527
chr1	1022518	G	T	intron	20.985838259981527
chr1	1022518	G	T	intron	20.985838259981527
chr1	1020265	C	T	5_prime_utr	21.03600115063048
chr1	1020265	C	T	5_prime_utr	21.03600115063048
chr1	1022518	G	T	intron	21.14920775998153
chr1	1022518	G	T	intron	21.14920775998153
chr1	1022518	G	T	intron	21.14920775998153
chr1	1022518	G	T	intron	21.14920775998153
chr1	1022518	G	T	intron	21.14920775998153
chr1	1022518	G	T	intron	21.18804675998153
chr1	1022518	G	T	intron	21.18804675998153
chr1	1022518	G	T	intron	21.18804675998153
chr1	1022518	G	T	intron	21.18804675998153
chr1	1022518	G	T	intron	21.18804675998153
chr1	1022518	G	T	intron	21.234224209981527
chr1	1022518	G	T	intron	21.234224209981527
chr1	1022518	G	T	intron	21.234224209981527
chr1	1022518	G	T	intron	21.234224209981527
chr1	1022518	G	T	intron	21.234224209981527
chr1	1022245	G	A	5_prime_utr	21.238197861712166
chr1	1022338	G	A	5_prime_utr	21.32722563771392
chr1	1022242	C	A	5_prime_utr	21.34214119627378
chr1	1022518	G	T	intron	21.351497259981528
chr1	1022518	G	T	intron	21.351497259981528
chr1	1022518	G	T	intron	21.351497259981528
chr1	1022518	G	T	intron	21.351497259981528
chr1	1022518	G	T	intron	21.351497259981528
chr1	1020292	G	A	5_prime_utr	21.483266547196248
chr1	1020292	G	A	5_prime_utr	21.483266547196248
chr1	1020331	G	A	5_prime_utr	21.570279301236983
chr1	1020331	G	A	5_prime_utr	21.570279301236983
chr1	1022296	C	T	5_prime_utr	21.58556174829608
chr1	1013986	C	T	splice_region	21.627923932857986
chr1	1022287	C	G	5_prime_utr	21.826267393225237
chr1	1022287	C	T	5_prime_utr	21.840362327327732
chr1	1022224	G	A	5_prime_utr	21.946564815913113
chr1	1022317	G	A	5_prime_utr	21.953856515075962
chr1	1020280	G	A	5_prime_utr	22.029538250472243
chr1	1020280	G	A	5_prime_utr	22.029538250472243
chr1	1041773	G	T	intron	22.458842883530764
chr1	1040891	C	T	intron	22.780386555200725
chr1	1035037	A	C	intron	22.79591840150094
chr1	1043472	A	AG	intron	23.783076
chr1	1042400	C	T	intron	23.91347965002985
chr1	1043220	GCC	G	intron	24.048488
chr1	1020355	G	C	5_prime_utr	25.272697167149484
chr1	1020355	G	C	5_prime_utr	25.272697167149484
chr1	1020258	G	A	5_prime_utr	25.316672886020086
chr1	1020258	G	A	5_prime_utr	25.316672886020086
chr1	1022244	G	A	5_prime_utr	25.572598877191094
chr1	1046398	G	A	splice_region	25.972449315418626
chr1	1022481	G	A	intron	26.13358881497442
chr1	1041048	C	A	intron	26.53633612416469
chr1	1045965	C	T	splice_region	26.7410593856396
chr1	1044270	C	T	intron	26.7797497360753
chr1	1046956	C	T	splice_region	26.815435203197904
chr1	1020383	C	T	intron	26.86590093305326
chr1	1020383	C	T	intron	26.86590093305326
chr1	1022478	C	T	intron	27.173418194042583
chr1	1041914	G	A	intron	27.222128302389816
chr1	1035075	G	A	intron	27.447197595470797
chr1	1040666	G	A	splice_region	27.968522907823843
chr1	1013490	C	G	intron	28.27681314161791
chr1	1041156	C	T	intron	28.28835189600178
chr1	1044110	C	T	splice_region	28.643616955826264
chr1	1013997	C	T	5_prime_utr	28.653947245309585
chr1	1041158	A	C	intron	28.737933752620823
chr1	1040879	C	T	splice_region	28.99611655446441
chr1	1041174	C	G	splice_region	29.240083115315738
chr1	1040401	C	T	intron	29.53387183925976
chr1	1035535	C	T	intron	29.74836439465208
chr1	1041479	C	T	splice_region	29.921598409414297
chr1	1046162	C	G	splice_region	30.02021660683539
chr1	1040654	A	C	intron	30.099654335794316
chr1	1035342	C	T	intron	30.42096743001573
chr1	1020249	G	A	5_prime_utr	30.499744166316084
chr1	1020249	G	A	5_prime_utr	30.499744166316084
chr1	1044038	G	A	intron	31.11665127703076
chr1	1041153	C	T	intron	31.494889722669747
chr1	1041154	G	A	intron	31.557818059989618
chr1	1022480	C	T	intron	31.60508625685292
chr1	1014482	C	A	3_prime_utr	31.62052407758964
chr1	1047452	A	G	splice_region	31.869231186955275
chr1	1044037	C	T	intron	32.340715441277844
chr1	1045734	C	G	splice_region	32.716372525383726
chr1	1044041	G	A	intron	33.01587919380266
chr1	1035339	G	C	intron	33.03042031959482
chr1	1044057	C	T	intron	33.12777758630292
chr1	1035343	G	A	intron	33.476294469000756
chr1	1020266	C	T	5_prime_utr	33.51357179582158
chr1	1020266	C	T	5_prime_utr	33.51357179582158
chr1	1040517	C	A	intron	33.78572613312388
chr1	1021875	C	T	intron	33.84978560343522
chr1	1043732	G	A	splice_region	33.97768162137298
chr1	1041823	G	C	intron	34.221008203134026
chr1	1045734	C	T	splice_region	34.66188896285063
chr1	1022472	G	T	intron	34.66636109355193
chr1	1040651	C	G	intron	35.0700260896175
chr1	1013592	C	T	intron	35.47958150773086
chr1	1041949	G	A	splice_region	35.49678967216795
chr1	1020358	C	A	5_prime_utr	35.70973991823138
chr1	1020358	C	A	5_prime_utr	35.70973991823138
chr1	1040658	G	C	splice_region	36.47786501678298
chr1	1020390	C	T	intron	36.63733524741841
chr1	1020390	C	T	intron	36.63733524741841
chr1	1040665	C	T	splice_region	36.78862277938206
chr1	1045161	G	A	splice_region	36.830320559896634
chr1	1041717	C	G	intron	37.606283018978424
chr1	1043745	C	T	intron	37.64930775332763
chr1	1041717	C	T	intron	37.67100101897842
chr1	1020297	A	C	5_prime_utr	38.45515770748038
chr1	1020297	A	C	5_prime_utr	38.45515770748038
chr1	1035456	G	A	intron	38.80554982891132
chr1	1020264	G	T	5_prime_utr	38.96866420290618
chr1	1020264	G	T	5_prime_utr	38.96866420290618
chr1	1042190	G	A	intron	38.98710699018518
chr1	1035408	G	A	intron	39.23749446628796
chr1	1041713	C	A	intron	39.28603580672397
chr1	1040649	C	G	intron	39.81790555365291
chr1	1020267	C	T	5_prime_utr	39.95796025552039
chr1	1020267	C	T	5_prime_utr	39.95796025552039
chr1	1020344	G	A	5_prime_utr	40.06849439204137
chr1	1020344	G	A	5_prime_utr	40.06849439204137
chr1	1035270	C	T	splice_region	40.19590640691164
chr1	1022355	C	T	5_prime_utr	40.54951213105929
chr1	1020348	C	T	5_prime_utr	40.71702115314779
chr1	1020348	C	T	5_prime_utr	40.71702115314779
chr1	1020321	C	T	5_prime_utr	40.99266664852399
chr1	1020321	C	T	5_prime_utr	40.99266664852399
chr1	1040446	A	G	intron	41.10289197735201
chr1	1020267	C	G	5_prime_utr	41.27045575800419
chr1	1020267	C	G	5_prime_utr	41.27045575800419
chr1	1022360	C	G	5_prime_utr	41.74499903330979
chr1	1022358	C	T	5_prime_utr	41.97366629646948
chr1	1041165	G	T	splice_region	41.983165863529564
chr1	1022477	G	A	intron	42.09025712418694
chr1	1020339	A	G	5_prime_utr	42.14770170849628
chr1	1020339	A	G	5_prime_utr	42.14770170849628
chr1	1020269	G	A	5_prime_utr	42.16094917126519
chr1	1020269	G	A	5_prime_utr	42.16094917126519
chr1	1020392	C	T	intron	42.364026834589765
chr1	1020392	C	T	intron	42.364026834589765
chr1	1044031	G	A	splice_region	42.6136474287357
chr1	1042173	C	T	intron	43.14780413992314
chr1	1041718	G	A	intron	43.16586437955498
chr1	1022361	C	A	5_prime_utr	43.68811995257828
chr1	1022243	C	T	5_prime_utr	43.919964445028185
chr1	1041417	C	T	intron	44.020750440811184
chr1	1022184	C	T	intron	45.3806507483355
chr1	1041950	T	C	splice_region	45.41314883017315
chr1	1022268	A	G	5_prime_utr	45.596147081604684
chr1	1041715	C	T	intron	45.88899629691594
chr1	1045966	G	A	splice_region	46.088332997074076
chr1	1043521	T	C	intron	46.213605788719846
chr1	1022357	G	C	5_prime_utr	46.90223957473698
chr1	1035261	A	T	intron	47.07026356477486
chr1	1022313	A	T	5_prime_utr	48.015888931967986
chr1	1020511	G	T	intron	48.43892547619448
chr1	1020511	G	T	intron	48.43892547619448
chr1	1022297	C	T	5_prime_utr	48.910809568597585
chr1	1044256	C	T	splice_region	49.96051528485783
chr1	1041714	C	T	intron	49.99749374739282
chr1	1043240	C	G	splice_region	50.00816172509778
chr1	1040657	C	T	splice_region	50.037896199306
chr1	1041458	C	T	intron	50.38476221468461
chr1	1022349	T	C	5_prime_utr	50.92081476453349
chr1	1022470	G	C	splice_region	51.478487517791976
chr1	1045957	G	T	splice_region	51.6712013410675
chr1	1022265	G	T	5_prime_utr	51.75168644019148
chr1	1035260	G	A	intron	52.99767989083072
chr1	1044092	G	T	intron	53.28456528932002
chr1	1045729	A	C	splice_region	53.722183132405554
chr1	1045882	T	C	splice_region	53.784063495897605
chr1	1022188	A	G	intron	53.89691585013884
chr1	1041945	C	T	intron	53.986609404114645
chr1	1043220	G	A	intron	54.024439587927375
chr1	1041413	G	A	intron	55.49951112365696
chr1	1046095	G	A	splice_region	55.86581129397044
chr1	1040886	C	T	splice_region	55.893377464712
chr1	1020377	C	A	splice_region	56.474352068387155
chr1	1020377	C	A	splice_region	56.474352068387155
chr1	1046813	T	G	splice_region	56.87380931456279
chr1	1041464	C	T	intron	56.925333203415676
chr1	1035263	T	G	intron	57.2661223890563
chr1	1043476	G	A	intron	57.47075702528309
chr1	1041404	G	T	splice_region	58.1094168223663
chr1	1044105	G	A	splice_region	58.743634736678395
chr1	1046095	G	T	splice_region	58.816643388069586
chr1	1041956	A	G	splice_region	58.963566634994876
chr1	1042174	G	A	intron	59.119931747348005
chr1	1045352	C	T	splice_region	59.155194322826105
chr1	1041466	C	T	intron	59.590821773671365
chr1	1044447	G	A	splice_region	59.95552299628455
chr1	1044265	C	G	splice_region	60.02234134906705
chr1	1043540	C	T	splice_region	60.086315970740074
chr1	1043466	C	T	intron	61.069064309053836
chr1	1044330	C	T	splice_region	61.63870728293535
chr1	1041709	G	A	splice_region	61.92257232660424
chr1	1041480	C	T	splice_region	61.96927185515708
chr1	1045960	C	T	splice_region	61.975359640883106
chr1	1043816	C	T	splice_region	62.43402346377596
chr1	1045157	G	A	splice_region	62.85118518501165
chr1	1041403	C	T	splice_region	63.459165398242945
chr1	1043226	G	A	intron	63.78903815423616
chr1	1043473	G	A	intron	65.01509150823703
chr1	1013978	C	A	splice_region	65.56823722966223
chr1	1040887	G	C	splice_region	67.15417902126222
chr1	1042169	G	A	splice_region	68.04421547386846
chr1	1041706	A	G	splice_region	68.04939730258039
chr1	1043519	G	C	intron	68.26065728504328
chr1	1013980	G	T	splice_region	68.68953376847816
chr1	1043197	G	C	intron	70.0709062771134
chr1	1043730	G	A	splice_region	70.28471271714233
chr1	1044104	C	T	splice_region	70.63144446918254
chr1	1044111	G	A	splice_region	70.65798998160429
chr1	1035273	C	T	splice_region	72.0552868700802
chr1	1040659	C	T	splice_region	72.3291895611765
chr1	1041403	C	A	splice_region	72.43961544159706
chr1	1013979	T	G	splice_region	72.631461990575
chr1	1041164	C	G	intron	73.16241932051908
chr1	1043741	G	A	intron	73.20444918928332
chr1	1044029	C	G	splice_region	73.3006965398852
chr1	1046154	C	T	splice_region	73.8778443493167
chr1	1043532	C	T	splice_region	74.33982742590914
chr1	1043221	C	G	intron	74.642011854412
chr1	1046741	C	T	splice_region	74.74841276350276
chr1	1042169	G	C	splice_region	76.1490020869196
chr1	1043534	C	A	splice_region	77.63731979248415
chr1	1043819	G	A	splice_region	79.3095363089143
chr1	1043070	G	A	intron	79.8031599238628
chr1	1041475	C	T	splice_region	81.9264644645322
chr1	1044104	C	G	splice_region	82.93909781390914
chr1	1046155	C	T	splice_region	83.4874066904313
chr1	1041168	C	T	splice_region	84.81161507438846
chr1	1044027	G	A	splice_region	84.88775209790306
chr1	1043529	C	T	intron	86.4881364283522
chr1	1047320	C	G	splice_region	88.0786411562231
chr1	1045158	C	T	splice_region	88.9528794625306
chr1	1043230	C	T	intron	91.700675210882
chr1	1013983	G	A	splice_acceptor	92.45590228630387
chr1	1035275	A	G	splice_acceptor	96.46574063883699
chr1	1043467	G	A	intron	98.6274520564486
chr1	1013581	G	C	splice_region	102.12238542508535
chr1	1043460	C	T	splice_region	102.2543301441531
chr1	1022467	G	A	splice_region	102.53755694572844
chr1	1045526	G	T	splice_region	104.15706940755294
chr1	1042165	G	A	splice_region	107.41847798008556
chr1	1042168	C	T	splice_region	108.33103969702816
chr1	1045527	A	G	splice_region	118.97675233157129
chr1	1046736	G	A	splice_donor	128.1569585683846
chr1	1043733	G	T	splice_donor	128.18288169720648
chr1	1043822	G	A	splice_acceptor	132.0517716208645
chr1	1047324	C	T	splice_region	133.83944409113928
chr1	1045278	G	T	splice_donor	134.14227737023916
CHROM	POS	REF	ALT	INFO	Nc_score
CHROM	POS	REF	ALT	INFO	Nc_score
